Index,SMILES,MW,Rings,Oxygen,Nitrogen,Score,Classification
0,O=C(c1c([H])c(c([H])c([H])c1[H])C(=O)N([H])c2c([S]...,608.9,3.0,2.0,6.0,-5.0,NOT_SAPONIN
1,O=C(c1c([H])c(c(OC([H])([H])[H])c([H])c1OC([H])([H...,668.9,3.0,4.0,6.0,-5.0,NOT_SAPONIN
2,O=C(c1c([H])c(c([H])c(OC([H])([H])C([H])([H])N([H]...,667.9,3.0,3.0,7.0,-5.0,NOT_SAPONIN
3,O=C(N1C(=O)C(C(=O)[C@]1([H])[C@@]([H])(C([H])([H])...,349.5,1.0,4.0,1.0,0.0,NOT_SAPONIN
4,O=C(N1C(=O)C(C(=O)[C@]1([H])[C@@]([H])(C([H])([H])...,363.5,1.0,4.0,1.0,0.0,NOT_SAPONIN
5,O=C(N1C(=O)C(C(=O)[C@]1([H])[C@@]([H])(C([H])([H])...,411.5,2.0,4.0,1.0,10.0,NOT_SAPONIN
6,O=C(N1C(=O)C(C(=O)[C@]1([H])[C@@]([H])(C([H])([H])...,518.7,2.0,6.0,2.0,10.0,NOT_SAPONIN
7,O=C(N1C(=O)C(C(=O)[C@]1([H])[C@@]([H])(C([H])([H])...,515.6,2.0,7.0,1.0,30.0,UNLIKELY_SAPONIN
8,O=C(N1C(=O)C(C(=O)[C@]1([H])[C@@]([H])(C([H])([H])...,427.5,2.0,5.0,1.0,20.0,UNLIKELY_SAPONIN
9,O=C(N1C(=O)C(C(=O)[C@]1([H])[C@@]([H])(C([H])([H])...,429.5,2.0,4.0,1.0,10.0,NOT_SAPONIN
10,O=C(N1C(=O)C(C(=O)[C@]1([H])C([H])([H])C([H])([H])...,464.6,1.0,6.0,2.0,10.0,NOT_SAPONIN
11,O=C(N1C(=O)C(C(=O)[C@]1([H])c2c([H])c([H])c(OC(C([...,441.6,2.0,5.0,1.0,20.0,UNLIKELY_SAPONIN
12,[H][C@@]1(O[C@@]([H])([C@@]([H])(O[H])[C@]([H])(N(...,696.0,3.0,9.0,5.0,65.0,LIKELY_SAPONIN
13,[H][C@@]1(O[C@@]([H])([C@@]([H])(O[H])[C@]([H])(N(...,724.0,3.0,9.0,5.0,65.0,LIKELY_SAPONIN
14,O=C(N([H])C([H])([H])C([H])([H])N(C(=O)C([H])([H])...,1165.7,3.0,7.0,10.0,15.0,NOT_SAPONIN
15,O=C2N([H])[C@@]([H])(C(=O)N1C([H])([H])C([H])([H])...,1314.6,7.0,12.0,13.0,75.0,LIKELY_SAPONIN
16,O=C2N([H])[C@@]([H])(C(=O)N1C([H])([H])C([H])([H])...,1270.5,6.0,13.0,13.0,75.0,LIKELY_SAPONIN
17,O=C2N([H])[C@@]([H])(C(=O)N1C([H])([H])C([H])([H])...,1343.6,6.0,13.0,14.0,75.0,LIKELY_SAPONIN
18,O=C2N([H])[C@@]([H])(C(=O)N1C([H])([H])C([H])([H])...,1256.5,6.0,12.0,13.0,75.0,LIKELY_SAPONIN
19,O=C1/C(=C(/O[H])C(=O)C([H])=C1OC([H])([H])[H])C([H...,358.5,3.0,4.0,0.0,15.0,NOT_SAPONIN
20,O=C1/C(=C(/O[H])C(=O)C([H])=C1O[H])C([H])([H])[C@]...,344.5,3.0,4.0,0.0,15.0,NOT_SAPONIN
21,O=C1/C(=C(/O[H])C(=O)C([H])=C1OC([H])([H])[H])C([H...,358.5,3.0,4.0,0.0,15.0,NOT_SAPONIN
22,O=C1/C(=C(/O[H])C(=O)C([H])=C1N([H])[H])C([H])([H]...,343.5,3.0,3.0,1.0,-5.0,NOT_SAPONIN
23,O=C1/C(=C(/O[H])C(=O)C([H])=C1N([H])C([H])([H])C([...,413.6,3.0,3.0,1.0,5.0,NOT_SAPONIN
24,O=C1C(=C(C(=O)C([H])=C1N([H])[H])N([H])[H])C([H])(...,342.5,3.0,2.0,2.0,-15.0,NOT_SAPONIN
25,O=C1/C(=C(/O[H])C(=O)C([H])=C1O[H])C([H])([H])[C@]...,344.5,3.0,4.0,0.0,15.0,NOT_SAPONIN
26,O=C1/C(=C(/O[H])C(=O)C([H])=C1OC([H])([H])[H])C([H...,358.5,3.0,4.0,0.0,15.0,NOT_SAPONIN
27,O=C1/C(=C(/OC([H])([H])[H])C(=O)C([H])=C1OC([H])([...,372.5,3.0,4.0,0.0,15.0,NOT_SAPONIN
28,O=C4C2=C(O[C@@]13[C@]([H])(C([H])([H])C([H])([H])[...,344.5,4.0,4.0,0.0,35.0,UNLIKELY_SAPONIN
29,O=C4C2=C(O[C@@]13[C@]([H])(C([H])([H])C([H])([H])[...,358.5,4.0,4.0,0.0,35.0,UNLIKELY_SAPONIN
30,O=C4C2=C(O[C@@]13[C@]([H])(C([H])([H])C([H])([H])[...,343.5,4.0,3.0,1.0,15.0,NOT_SAPONIN
31,O=C(c1c([H])c(c([H])c(c1[H])C(C([H])([H])[H])(C([H...,395.5,2.0,2.0,3.0,-30.0,NOT_SAPONIN
32,O=C(c1c([H])c(c([H])c(c1[H])C(C([H])([H])[H])(C([H...,409.6,2.0,2.0,3.0,-20.0,NOT_SAPONIN
33,O=C(c1c([H])c(c([H])c(c1[H])C(C([H])([H])[H])(C([H...,409.6,2.0,2.0,3.0,-20.0,NOT_SAPONIN
34,O=C(c2c([H])c([H])c(C(=O)N([H])c1c([H])c(c([H])c(c...,395.5,2.0,2.0,3.0,-30.0,NOT_SAPONIN
35,O=C(c2c([H])c([H])c(C(=O)N([H])c1c([H])c(c([H])c(c...,409.6,2.0,2.0,3.0,-20.0,NOT_SAPONIN
36,O=C(c2c([H])c(N([H])C(=O)c1c([H])c(c([H])c(c1[H])C...,395.5,2.0,2.0,3.0,-30.0,NOT_SAPONIN
37,O=C(c2c([H])c(N([H])C(=O)c1c([H])c(c([H])c(c1[H])C...,409.6,2.0,2.0,3.0,-20.0,NOT_SAPONIN
38,O=C(c2c(N([H])C(=O)c1c([H])c(c([H])c(c1[H])C(C([H]...,395.5,2.0,2.0,3.0,-30.0,NOT_SAPONIN
39,O=C(c2c(N([H])C(=O)c1c([H])c(c([H])c(c1[H])C(C([H]...,409.6,2.0,2.0,3.0,-20.0,NOT_SAPONIN
40,O=C(c2c(N([H])C(=O)c1c([H])c(c([H])c(c1[H])C(C([H]...,445.6,3.0,2.0,3.0,-15.0,NOT_SAPONIN
47,O=C(N([H])C([H])([H])C([H])([H])c1c([H])c([H])c(O[...,335.5,1.0,3.0,1.0,-10.0,NOT_SAPONIN
48,O=C(N([H])C([H])([H])C([H])([H])c1c([H])c([H])c(O[...,417.6,1.0,3.0,1.0,0.0,NOT_SAPONIN
64,O=C1N5[C@]([H])(C(=O)N([H])[C@]([H])(C(=O)N([H])[C...,1156.5,5.0,10.0,13.0,70.0,LIKELY_SAPONIN
65,O=C1N6[C@]([H])(C(=O)N([H])[C@]([H])(C(=O)N([H])[C...,1274.6,6.0,11.0,13.0,70.0,LIKELY_SAPONIN
66,O=C1N7[C@]([H])(C(=O)N([H])[C@]([H])(C(=O)N([H])[C...,1350.7,7.0,11.0,13.0,60.0,LIKELY_SAPONIN
67,O=C1N8[C@]([H])(C(=O)N([H])[C@]([H])(C(=O)N([H])[C...,1426.8,8.0,11.0,13.0,60.0,LIKELY_SAPONIN
68,O=C1N5[C@]([H])(C(=O)N([H])[C@]([H])(C(=O)N([H])[C...,1198.5,5.0,11.0,13.0,70.0,LIKELY_SAPONIN
69,O=C1N5[C@]([H])(C(=O)N([H])[C@]([H])(C(=O)N([H])[C...,1212.5,5.0,11.0,13.0,70.0,LIKELY_SAPONIN
70,O=C1N5[C@]([H])(C(=O)N([H])[C@]([H])(C(=O)N([H])[C...,1226.6,5.0,11.0,13.0,70.0,LIKELY_SAPONIN
71,O=C1N5[C@]([H])(C(=O)N([H])[C@]([H])(C(=O)N([H])[C...,1240.6,5.0,11.0,13.0,70.0,LIKELY_SAPONIN
72,O=C1N8[C@]([H])(C(=O)N([H])[C@]([H])(C(=O)N([H])[C...,1318.7,9.0,11.0,13.0,70.0,LIKELY_SAPONIN
73,O=C1N6[C@]([H])(C(=O)N([H])[C@]([H])(C(=O)N([H])[C...,1246.6,6.0,10.0,13.0,60.0,LIKELY_SAPONIN
74,O=C1N7[C@]([H])(C(=O)N([H])[C@]([H])(C(=O)N([H])[C...,1336.7,7.0,10.0,13.0,60.0,LIKELY_SAPONIN
75,[H][C@@]12C([H])([H])[C@]([H])(O[H])C([H])([H])C([...,376.6,4.0,3.0,0.0,55.0,POSSIBLE_SAPONIN
76,O=C(N([H])C([H])([H])C([H])([H])N([H])[H])[C@]([H]...,458.7,0.0,4.0,4.0,-10.0,NOT_SAPONIN
77,O=C(N([H])C([H])([H])C([H])([H])N([H])[H])[C@]([H]...,514.8,0.0,4.0,4.0,-20.0,NOT_SAPONIN
78,O=C(N([H])C([H])([H])C([H])([H])N([H])[H])[C@]([H]...,542.8,0.0,6.0,4.0,0.0,NOT_SAPONIN
79,O[S](=O)(=O)OC([H])([H])C([H])([H])C([H])([H])C([H...,266.4,0.0,4.0,0.0,10.0,NOT_SAPONIN
80,O=C(N([H])[C@]([H])(C(O)O)C([H])([H])C([H])([H])C(...,512.8,0.0,4.0,2.0,-10.0,NOT_SAPONIN
81,O=C(OC([H])([H])[C@]([H])(O[H])C([H])([H])OC(=O)[C...,444.6,0.0,7.0,2.0,10.0,NOT_SAPONIN
82,O=C(OC([H])([H])[C@@]1([H])O[C@]([H])([C@]([H])(OC...,676.8,2.0,13.0,0.0,90.0,HIGH_CONFIDENCE_SAPONIN
83,O=C(O[C@](C([H])([H])C(=O)O[H])(C([H])([H])[H])C([...,678.9,2.0,13.0,0.0,95.0,HIGH_CONFIDENCE_SAPONIN
84,O=C(N([H])[C@@]([H])(C(=O)O[H])C([H])([H])[H])C([H...,299.5,0.0,3.0,1.0,0.0,NOT_SAPONIN
85,O=C(N([H])[C@@]([H])(C(=O)O[H])C([H])([H])O[H])C([...,315.5,0.0,4.0,1.0,0.0,NOT_SAPONIN
86,O=C1N([H])C([H])([H])C([H])([H])C([H])([H])N(C(=O)...,590.9,1.0,3.0,4.0,-20.0,NOT_SAPONIN
87,O=c1c3c(oc2c1c(O[H])c(c(OC([H])([H])C([H])([H])C([...,636.9,3.0,6.0,2.0,25.0,UNLIKELY_SAPONIN
88,O=c1c3c(oc2c1c(O[H])c(c(OC([H])([H])C([H])([H])C([...,664.9,3.0,6.0,2.0,15.0,NOT_SAPONIN
89,O=c1c3c(oc2c1c(O[H])c(c(OC([H])([H])C([H])([H])C([...,749.1,3.0,6.0,2.0,15.0,NOT_SAPONIN
90,O=c1c3c(oc2c1c(O[H])c(c(OC([H])([H])[C@]([H])(O[H]...,642.8,3.0,8.0,4.0,30.0,UNLIKELY_SAPONIN
91,O=c1c3c(oc2c1c(O[H])c(c(OC([H])([H])[C@]([H])(O[H]...,815.1,3.0,8.0,8.0,40.0,POSSIBLE_SAPONIN
92,O=c1c3c(oc2c1c(O[H])c(c(OC([H])([H])[C@]([H])(O[H]...,668.9,3.0,8.0,2.0,40.0,POSSIBLE_SAPONIN
93,O=c1c3c(oc2c1c(O[H])c(c(OC([H])([H])[C@]([H])(O[H]...,764.9,3.0,14.0,2.0,50.0,POSSIBLE_SAPONIN
94,O=c1c3c(oc2c1c(O[H])c(c(OC([H])([H])C([H])([H])C([...,669.0,3.0,6.0,2.0,15.0,NOT_SAPONIN
95,O=c1c3c(oc2c1c(O[H])c(c(OC([H])([H])C([H])([H])C([...,612.9,3.0,6.0,2.0,25.0,UNLIKELY_SAPONIN
96,O=C(N([H])C([H])([H])C([H])([H])C([H])([H])C([H])(...,626.9,0.0,7.0,2.0,30.0,UNLIKELY_SAPONIN
97,[H]c1c(O[H])c(O[H])c([H])c(c1[H])[C@](C([H])=C([H]...,314.5,1.0,2.0,0.0,0.0,NOT_SAPONIN
98,[H]N(c1c([H])c(nn1C([H])([H])[H])C([H])([H])[H])C(...,247.4,1.0,0.0,3.0,-30.0,NOT_SAPONIN
99,O=C1N([H])[C@]([H])(C(=O)N([H])C([H])([H])C([H])([...,1096.3,5.0,10.0,13.0,70.0,LIKELY_SAPONIN
100,O=C(N([H])[C@]([H])(C(=O)O[H])C([H])([H])C([H])(C(...,1102.5,1.0,10.0,13.0,40.0,POSSIBLE_SAPONIN
101,O=C(N([H])[C@]([H])(C(=O)N([H])[C@]2(C([H])([H])C(...,556.8,2.0,3.0,4.0,-20.0,NOT_SAPONIN
102,O=C(N([H])[C@]([H])(C(=O)N([H])[C@]2(C([H])([H])C(...,570.9,2.0,3.0,4.0,-20.0,NOT_SAPONIN
103,O=C(N([H])[C@]([H])(C(=O)N([H])C([H])([H])[C@]2(C(...,584.9,2.0,3.0,4.0,-20.0,NOT_SAPONIN
104,[H]C([H])(O[H])[C@]([H])(O[H])C([H])([H])[C@]([H])...,1375.7,3.0,25.0,0.0,95.0,HIGH_CONFIDENCE_SAPONIN
105,[H][C@]1(O[C@]([H])([C@]([H])(O[H])[C@]([H])(O[H])...,1357.8,2.0,23.0,0.0,90.0,HIGH_CONFIDENCE_SAPONIN
106,[H]C([H])(O[H])[C@]([H])(O[H])C([H])([H])C([H])=C(...,1345.7,2.0,24.0,0.0,90.0,HIGH_CONFIDENCE_SAPONIN
107,[H][C@]1(O[C@]([H])([C@]([H])(O[H])[C@]([H])(O[H])...,1209.5,2.0,23.0,0.0,90.0,HIGH_CONFIDENCE_SAPONIN
108,[H][C@]1(O[C@]([H])([C@]([H])(O[H])[C@]([H])(O[H])...,1129.4,2.0,20.0,0.0,90.0,HIGH_CONFIDENCE_SAPONIN
109,O=C(N([H])C([H])([H])C([H])([H])N([H])[H])C(C([H])...,423.6,2.0,1.0,3.0,-20.0,NOT_SAPONIN
110,O=C(O[H])C([H])([H])C([H])([H])C([H])([H])C([H])([...,276.4,0.0,2.0,0.0,0.0,NOT_SAPONIN
111,[F]C([F])([F])c3c([H])c([H])c2[S]c1c([H])c([H])c([...,407.5,4.0,0.0,3.0,5.0,NOT_SAPONIN
112,O=C(N([H])c2c1c([H])c([H])c([H])c([H])c1c3c(c2[H])...,425.5,5.0,2.0,3.0,10.0,NOT_SAPONIN
121,[F]C([F])(C([F])([F])C([F])([F])C([F])([F])C([F])(...,499.1,0.0,2.0,1.0,10.0,NOT_SAPONIN
122,O=C1N([H])[C@@]([H])(C(=O)N([H])[C@@]([H])(C(=O)N(...,1057.2,3.0,14.0,12.0,50.0,POSSIBLE_SAPONIN
123,O=C(O[C@@]1([H])C([H])([H])C([H])([H])[C@]2([C@@](...,681.1,6.0,3.0,4.0,50.0,POSSIBLE_SAPONIN
124,O=C(N(C([H])([H])[H])C([H])([H])C([H])([H])C([H])(...,377.5,0.0,6.0,1.0,25.0,UNLIKELY_SAPONIN
125,O=C(N(C([H])([H])[H])C([H])([H])C([H])([H])C([H])(...,405.6,0.0,6.0,1.0,35.0,UNLIKELY_SAPONIN
126,O=C(N(C([H])([H])[H])C([H])([H])C([H])([H])C([H])(...,433.6,0.0,6.0,1.0,35.0,UNLIKELY_SAPONIN
127,O=C(N(C([H])([H])[H])C([H])([H])C([H])([H])C([H])(...,461.7,0.0,6.0,1.0,35.0,UNLIKELY_SAPONIN
128,O=C(N(C([H])([H])[H])C([H])([H])C([H])([H])C([H])(...,567.7,1.0,11.0,1.0,70.0,LIKELY_SAPONIN
129,O=C(N(C([H])([H])[H])C([H])([H])C([H])([H])C([H])(...,595.8,1.0,11.0,1.0,70.0,LIKELY_SAPONIN
130,O=C(N(C([H])([H])[H])C([H])([H])C([H])([H])C([H])(...,623.8,1.0,11.0,1.0,80.0,HIGH_CONFIDENCE_SAPONIN
131,O=C(N(C([H])([H])[C@]([H])(O[H])[C@@]([H])(O[H])[C...,567.7,1.0,11.0,1.0,70.0,LIKELY_SAPONIN
132,O=C(N(C([H])([H])[C@]([H])(O[H])[C@@]([H])(O[H])[C...,595.8,1.0,11.0,1.0,70.0,LIKELY_SAPONIN
133,O=C(N(C([H])([H])[C@]([H])(O[H])[C@@]([H])(O[H])[C...,623.8,1.0,11.0,1.0,80.0,HIGH_CONFIDENCE_SAPONIN
134,O=C(N([H])C([H])([H])C([H])([H])C([H])([H])N(C([H]...,655.8,0.0,12.0,3.0,50.0,POSSIBLE_SAPONIN
135,O=C(N([H])C([H])([H])C([H])([H])C([H])([H])N(C([H]...,980.1,2.0,22.0,3.0,75.0,LIKELY_SAPONIN
143,O=[S](=O)(O)OC([H])([H])C([H])([H])C([H])([H])C([H...,294.5,0.0,4.0,0.0,10.0,NOT_SAPONIN
144,O=[S](=O)(O)OC([H])([H])C([H])([H])C([H])([H])C([H...,322.5,0.0,4.0,0.0,10.0,NOT_SAPONIN
145,O=[S](=O)(O)OC([H])([H])C([H])([H])C([H])([H])C([H...,350.6,0.0,4.0,0.0,10.0,NOT_SAPONIN
146,O=C(N([H])[C@]([H])(C(=O)N([H])[C@]([H])(C(=O)N([H...,755.0,2.0,8.0,6.0,25.0,UNLIKELY_SAPONIN
147,[H]C1([H])N(C([H])([H])C([H])([H])N([H])C1([H])[H]...,254.5,1.0,0.0,2.0,-20.0,NOT_SAPONIN
148,O=C(O[C@]1([H])[C@@]([H])(O[H])[C@]([H])(O[H])[C@]...,863.0,2.0,17.0,0.0,105.0,HIGH_CONFIDENCE_SAPONIN
149,O=C1N(C(=O)N(C1([H])[H])C([H])([H])[C@@]([H])(N([H...,452.7,1.0,3.0,4.0,-20.0,NOT_SAPONIN
150,O=C1N(C(=O)N(C1([H])[H])C([H])([H])[C@@]([H])(N([H...,452.7,1.0,3.0,4.0,-20.0,NOT_SAPONIN
151,O=C1N(C(=O)N(C1([H])[H])C([H])([H])[C@@]([H])(N([H...,507.1,2.0,3.0,4.0,-20.0,NOT_SAPONIN
152,O=C(N([H])c1c([H])c([H])c(c([H])c1[H])C([H])([H])C...,706.8,4.0,11.0,6.0,80.0,HIGH_CONFIDENCE_SAPONIN
153,O=c1n([H])c(=O)n(c([H])c1[H])[C@]4([H])O[C@]([H])(...,830.9,4.0,16.0,4.0,100.0,HIGH_CONFIDENCE_SAPONIN
154,O=c1c3c(oc2c1c(c(OC([H])([H])[H])c(O[H])c2[H])C([H...,410.5,3.0,6.0,0.0,45.0,POSSIBLE_SAPONIN
155,O=c1c3c(oc2c1c(O[H])c(c(OC([H])([H])[C@@]([H])(O[H...,612.8,3.0,8.0,2.0,40.0,POSSIBLE_SAPONIN
156,O=c1c3c(oc2c1c(O[H])c(c(OC([H])([H])[C@@]([H])(O[H...,668.9,3.0,8.0,2.0,40.0,POSSIBLE_SAPONIN
157,O=c1c3c(oc2c1c(O[H])c(c(OC([H])([H])[C@@]([H])(O[H...,696.9,3.0,8.0,2.0,40.0,POSSIBLE_SAPONIN
158,O=c1c3c(oc2c1c(O[H])c(c(OC([H])([H])[C@@]([H])(O[H...,640.8,3.0,8.0,2.0,40.0,POSSIBLE_SAPONIN
159,O=c1c3c(oc2c1c(O[H])c(c(OC([H])([H])[C@@]([H])(O[H...,764.9,3.0,14.0,2.0,50.0,POSSIBLE_SAPONIN
160,O=C4O[C@@]([H])(C([H])([H])C([H])=C([H])C([H])=C([...,665.7,4.0,13.0,1.0,110.0,HIGH_CONFIDENCE_SAPONIN
161,O=c1c5c(oc3c1c(O[H])c(c(OC([H])([H])[C@@]([H])(O[H...,664.8,5.0,8.0,2.0,65.0,LIKELY_SAPONIN
162,O=c1c5c(oc3c1c(O[H])c(c(OC([H])([H])[C@@]([H])(O[H...,692.9,5.0,8.0,2.0,65.0,LIKELY_SAPONIN
163,O=c1c5c(oc3c1c(O[H])c(c(OC([H])([H])[C@@]([H])(O[H...,694.9,5.0,8.0,4.0,55.0,POSSIBLE_SAPONIN
164,O=c1c3c(oc2c1c(O[H])c(c(OC([H])([H])[C@@]([H])(O[H...,556.7,3.0,8.0,2.0,30.0,UNLIKELY_SAPONIN
165,O=c1c3c(oc2c1c(O[H])c(c(OC([H])([H])[C@@]([H])(O[H...,642.8,3.0,8.0,4.0,30.0,UNLIKELY_SAPONIN
166,O=C2O[C@]([H])([C@@]([H])([C@]([H])(O[H])[C@]([H])...,1871.5,11.0,23.0,5.0,120.0,HIGH_CONFIDENCE_SAPONIN
167,O=C2O[C@]([H])([C@@]([H])([C@]([H])(O[H])[C@]([H])...,1885.6,11.0,23.0,5.0,120.0,HIGH_CONFIDENCE_SAPONIN
168,O=C(N([H])C([H])([H])C([H])([H])C([H])([H])C([H])(...,1913.6,11.0,23.0,5.0,120.0,HIGH_CONFIDENCE_SAPONIN
169,O=C(N([H])C([H])([H])C([H])([H])C([H])([H])C([H])(...,1941.7,11.0,23.0,5.0,120.0,HIGH_CONFIDENCE_SAPONIN
170,O=C(N([H])C([H])([H])C([H])([H])C([H])([H])C([H])(...,1917.6,11.0,25.0,5.0,120.0,HIGH_CONFIDENCE_SAPONIN
171,O=C(N([H])C([H])([H])C([H])([H])C([H])([H])C([H])(...,1973.7,11.0,25.0,5.0,120.0,HIGH_CONFIDENCE_SAPONIN
172,O=C2O[C@]([H])([C@@]([H])([C@]([H])(O[H])[C@]([H])...,924.1,3.0,17.0,1.0,100.0,HIGH_CONFIDENCE_SAPONIN
173,O=C2O[C@]([H])([C@@]([H])([C@]([H])(O[H])[C@]([H])...,1871.5,11.0,23.0,5.0,120.0,HIGH_CONFIDENCE_SAPONIN
174,O=C2O[C@]([H])([C@@]([H])([C@]([H])(O[H])[C@]([H])...,1885.6,11.0,23.0,5.0,120.0,HIGH_CONFIDENCE_SAPONIN
175,O=C(N([H])C([H])([H])C([H])([H])C([H])([H])C([H])(...,1913.6,11.0,23.0,5.0,120.0,HIGH_CONFIDENCE_SAPONIN
176,O=C(N([H])C([H])([H])C([H])([H])C([H])([H])C([H])(...,1941.7,11.0,23.0,5.0,120.0,HIGH_CONFIDENCE_SAPONIN
177,O=C(N([H])C([H])([H])C([H])([H])C([H])([H])C([H])(...,1917.6,11.0,25.0,5.0,120.0,HIGH_CONFIDENCE_SAPONIN
178,[H]C1([H])[C@]([H])(O[H])[C@]([H])(O[H])[C@]2([H])...,468.7,4.0,6.0,0.0,100.0,HIGH_CONFIDENCE_SAPONIN
179,[H]C1([H])[C@]([H])(O[H])[C@]([H])(O[H])[C@]2([H])...,484.7,4.0,7.0,0.0,100.0,HIGH_CONFIDENCE_SAPONIN
180,[H]C2([H])[C@]([H])(O[C@]1([H])OC([H])([H])[C@@]([...,638.8,5.0,10.0,0.0,120.0,HIGH_CONFIDENCE_SAPONIN
181,[H]C2([H])[C@]([H])(O[C@]1([H])OC([H])([H])[C@@]([...,624.8,5.0,10.0,0.0,120.0,HIGH_CONFIDENCE_SAPONIN
182,[H]C2([H])[C@]([H])(O[C@]1([H])OC([H])([H])[C@@]([...,761.0,6.0,14.0,0.0,140.0,HIGH_CONFIDENCE_SAPONIN
184,O=C(N([H])C([H])([H])C([H])([H])C([H])([H])N([H])C...,766.2,0.0,4.0,7.0,-10.0,NOT_SAPONIN
185,O=C(N([H])C([H])([H])C([H])([H])C([H])([H])C([H])(...,737.2,0.0,4.0,6.0,-10.0,NOT_SAPONIN
186,[H]c1c(c([H])c2c(c1[H])C([H])([H])C([H])([H])[C@]2...,279.4,3.0,0.0,1.0,-5.0,NOT_SAPONIN
187,[H]c1c(c([H])c2c(c1[H])C([H])([H])C([H])([H])[C@]2...,279.4,3.0,0.0,1.0,-5.0,NOT_SAPONIN
188,[H]c1c(c([H])c2c(c1[H])C([H])([H])C([H])([H])C2(C(...,369.6,4.0,0.0,1.0,15.0,NOT_SAPONIN
189,[H]c1c([H])c([H])c([H])c([H])c1/C(=C(/c2c([H])c([H...,371.5,3.0,1.0,1.0,-5.0,NOT_SAPONIN
190,O=C1N([H])[C@]([H])(C(=O)N([H])[C@@]([H])(C(=O)N([...,1087.3,7.0,10.0,12.0,70.0,LIKELY_SAPONIN
191,O=C1N([H])[C@]([H])(C(=O)N([H])[C@@]([H])(C(=O)N([...,1110.3,8.0,10.0,13.0,70.0,LIKELY_SAPONIN
192,O=C1N([H])[C@]([H])(C(=O)N([H])[C@@]([H])(C(=O)N([...,1169.4,7.0,9.0,14.0,60.0,LIKELY_SAPONIN
193,O=C1N([H])[C@]([H])(C(=O)N([H])[C@@]([H])(C(=O)N([...,1128.4,7.0,9.0,13.0,60.0,LIKELY_SAPONIN
194,O=C1N([H])[C@]([H])(C(=O)N([H])[C@@]([H])(C(=O)N([...,1137.4,8.0,9.0,14.0,60.0,LIKELY_SAPONIN
195,O=C1N([H])[C@]([H])(C(=O)N([H])[C@]([H])(C(=O)N([H...,1137.4,8.0,9.0,14.0,60.0,LIKELY_SAPONIN
196,O=C1N([H])[C@]([H])(C(=O)N([H])[C@@]([H])(C(=O)N([...,1146.3,9.0,9.0,15.0,60.0,LIKELY_SAPONIN
197,O=C1N([H])[C@]([H])(C(=O)N([H])[C@@]([H])(C(=O)N([...,1169.5,7.0,8.0,14.0,60.0,LIKELY_SAPONIN
198,O=C1N([H])[C@]([H])(C(=O)N([H])[C@@]([H])(C(=O)N([...,1187.4,9.0,8.0,16.0,60.0,LIKELY_SAPONIN
199,O=C1N([H])[C@]([H])(C(=O)N([H])[C@@]([H])(C(=O)N([...,1178.5,8.0,8.0,15.0,60.0,LIKELY_SAPONIN
200,O=C(N([H])[C@]([H])(C(=O)N([H])[C@@]([H])(C(=O)N([...,1187.5,6.0,9.0,14.0,60.0,LIKELY_SAPONIN
201,O=C(N([H])[C@]([H])(C(=O)N([H])[C@@]([H])(C(=O)N([...,1186.5,6.0,8.0,15.0,60.0,LIKELY_SAPONIN
202,O=C(N([H])[C@]([H])(C(=O)N([H])[C@@]([H])(C(=O)N([...,1228.6,6.0,9.0,15.0,60.0,LIKELY_SAPONIN
203,O=C1N([H])[C@]([H])(C(=O)N([H])[C@@]([H])(C(=O)N([...,855.1,5.0,6.0,10.0,50.0,POSSIBLE_SAPONIN
204,O=C1N([H])[C@]([H])(C(=O)N([H])[C@@]([H])(C(=O)N([...,864.1,6.0,6.0,11.0,50.0,POSSIBLE_SAPONIN
205,O=C1N([H])[C@]([H])(C(=O)N([H])[C@@]([H])(C(=O)N([...,814.0,5.0,7.0,9.0,60.0,LIKELY_SAPONIN
206,O=C(N([H])C([H])([H])C([H])([H])C([H])([H])N([H])C...,588.0,4.0,2.0,3.0,35.0,UNLIKELY_SAPONIN
207,O=C(N([H])C([H])([H])C([H])([H])C([H])([H])N([H])C...,645.1,4.0,2.0,4.0,45.0,POSSIBLE_SAPONIN
208,O=C(O[C@]1([H])C([H])([H])C([H])([H])[C@]2([C@@]([...,545.9,4.0,3.0,3.0,35.0,UNLIKELY_SAPONIN
209,O=C(N([H])C([H])([H])C([H])([H])C([H])([H])N([H])C...,545.9,4.0,2.0,3.0,35.0,UNLIKELY_SAPONIN
210,O=C1N([H])N(C([H])([H])C(=O)N([H])[C@]([H])(C(=O)N...,974.3,5.0,6.0,11.0,40.0,POSSIBLE_SAPONIN
211,O=C1N([H])N(C([H])([H])C(=O)N([H])[C@]([H])(C(=O)N...,1012.4,5.0,6.0,13.0,40.0,POSSIBLE_SAPONIN
212,O=C1N([H])N(C([H])([H])C(=O)N([H])[C@]([H])(C(=O)N...,1063.4,6.0,6.0,12.0,40.0,POSSIBLE_SAPONIN
213,O=C1N([H])[C@]([H])(C(=O)N([H])[C@]([H])(C(=O)N([H...,1301.6,7.0,10.0,14.0,60.0,LIKELY_SAPONIN
214,O=C1N([H])[C@]([H])(C(=O)N([H])[C@]([H])(C(=O)N([H...,1357.7,7.0,10.0,14.0,60.0,LIKELY_SAPONIN
215,O=C1N([H])[C@]([H])(C(=O)N([H])[C@]([H])(C(=O)N([H...,1385.8,7.0,10.0,14.0,60.0,LIKELY_SAPONIN
216,O=C1N([H])[C@]([H])(C(=O)N([H])[C@]([H])(C(=O)N([H...,1413.8,7.0,10.0,14.0,60.0,LIKELY_SAPONIN
217,O=C1N([H])[C@]([H])(C(=O)N([H])[C@]([H])(C(=O)N([H...,1329.7,7.0,10.0,14.0,60.0,LIKELY_SAPONIN
218,O=C2N([H])[C@]([H])(C(=O)N1C([H])([H])C([H])([H])C...,994.3,4.0,9.0,11.0,65.0,LIKELY_SAPONIN
219,O=C2N([H])C(C(=O)N1C([H])([H])C([H])([H])C([H])([H...,1137.4,5.0,10.0,12.0,70.0,LIKELY_SAPONIN
220,O=C2N([H])C(C(=O)N1C([H])([H])C([H])([H])C([H])([H...,1138.4,5.0,10.0,13.0,70.0,LIKELY_SAPONIN
221,O=C2N([H])[C@]([H])(C(=O)N1C([H])([H])C([H])([H])C...,1010.3,4.0,10.0,11.0,65.0,LIKELY_SAPONIN
222,O=C2N([H])[C@@]([H])(C(=O)N1C([H])([H])C([H])([H])...,1228.4,6.0,13.0,13.0,75.0,LIKELY_SAPONIN
223,O=C2N([H])[C@@]([H])(C(=O)N1C([H])([H])C([H])([H])...,1227.4,6.0,13.0,12.0,75.0,LIKELY_SAPONIN
224,O=C2N([H])[C@@]([H])(C(=O)N1C([H])([H])C([H])([H])...,1242.4,6.0,13.0,13.0,75.0,LIKELY_SAPONIN
225,O=C2N([H])[C@@]([H])(C(=O)N1C([H])([H])C([H])([H])...,1178.4,5.0,12.0,13.0,75.0,LIKELY_SAPONIN
226,O=C2N([H])[C@@]([H])(C(=O)N1C([H])([H])C([H])([H])...,1213.4,6.0,12.0,12.0,75.0,LIKELY_SAPONIN
227,O=C2N([H])[C@@]([H])(C(=O)N1C([H])([H])C([H])([H])...,1227.5,6.0,12.0,12.0,75.0,LIKELY_SAPONIN
228,O=C2N([H])[C@@]([H])(C(=O)N1C([H])([H])C([H])([H])...,1194.4,5.0,13.0,13.0,75.0,LIKELY_SAPONIN
229,O=C2N([H])[C@@]([H])(C(=O)N1C([H])([H])C([H])([H])...,1194.4,5.0,13.0,13.0,75.0,LIKELY_SAPONIN
230,O=C1N([H])[C@@]([H])(C(=O)N([H])[C@]([H])(C(=O)N([...,1244.5,5.0,13.0,13.0,75.0,LIKELY_SAPONIN
231,O=C1N([H])[C@@]([H])(C(=O)N5[C@]([H])(C(=O)N([H])[...,1194.4,5.0,13.0,13.0,75.0,LIKELY_SAPONIN
232,O=C1N([H])[C@@]([H])(C(=O)N5[C@]([H])(C(=O)N([H])[...,1255.5,6.0,12.0,12.0,75.0,LIKELY_SAPONIN
233,O=C1N([H])[C@@]([H])(C(=O)N5[C@]([H])(C(=O)N([H])[...,1241.5,6.0,12.0,12.0,75.0,LIKELY_SAPONIN
234,O=C1N([H])[C@@]([H])(C(=O)N5[C@]([H])(C(=O)N([H])[...,1255.5,6.0,12.0,12.0,75.0,LIKELY_SAPONIN
235,O=C1N([H])[C@@]([H])(C(=O)N6[C@]([H])(C(=O)N([H])[...,1289.5,7.0,12.0,12.0,75.0,LIKELY_SAPONIN
236,O=C1N([H])[C@@]([H])(C(=O)N7[C@]([H])(C(=O)N([H])[...,1328.6,8.0,12.0,13.0,75.0,LIKELY_SAPONIN
237,O=C1N([H])[C@@]([H])(C(=O)N6[C@]([H])(C(=O)N([H])[...,1305.5,7.0,13.0,12.0,75.0,LIKELY_SAPONIN
238,O=C1N([H])[C@@]([H])(C(=O)N5[C@]([H])(C(=O)N([H])[...,1256.5,6.0,12.0,13.0,75.0,LIKELY_SAPONIN
239,O=C1N([H])[C@@]([H])(C(=O)N5[C@]([H])(C(=O)N([H])[...,1270.5,6.0,12.0,13.0,75.0,LIKELY_SAPONIN
240,O=C1N([H])[C@@]([H])(C(=O)N5[C@]([H])(C(=O)N([H])[...,1229.4,6.0,13.0,12.0,75.0,LIKELY_SAPONIN
241,O=C1N([H])[C@@]([H])(C(=O)N5[C@]([H])(C(=O)N([H])[...,1257.5,6.0,14.0,12.0,75.0,LIKELY_SAPONIN
242,O=C1N([H])[C@@]([H])(C(=O)N5[C@]([H])(C(=O)N([H])[...,1271.5,6.0,14.0,12.0,75.0,LIKELY_SAPONIN
243,O=C1N([H])[C@@]([H])(C(=O)N5[C@]([H])(C(=O)N([H])[...,1256.5,6.0,13.0,13.0,75.0,LIKELY_SAPONIN
244,O=C2N([H])[C@@]([H])(C(=O)N1C([H])([H])C([H])([H])...,1270.5,6.0,13.0,13.0,75.0,LIKELY_SAPONIN
245,O=C1N([H])[C@@]([H])(C(=O)N([H])c5c(C(=O)N([H])[C@...,1292.5,6.0,13.0,13.0,75.0,LIKELY_SAPONIN
246,O=C1N([H])[C@@]([H])(C(=O)N([H])c5c(C(=O)N([H])[C@...,1292.5,6.0,12.0,13.0,75.0,LIKELY_SAPONIN
247,O=C2O[C@]([H])([C@@]([H])([C@]([H])(O[H])[C@]([H])...,942.1,3.0,17.0,1.0,100.0,HIGH_CONFIDENCE_SAPONIN
248,O=C3O[C@]([H])([C@@]([H])([C@]([H])(O[H])[C@]([H])...,1032.2,4.0,17.0,1.0,120.0,HIGH_CONFIDENCE_SAPONIN
249,O=[S](=O)(O)O[C@]4([H])C([H])([H])C([H])([H])[C@]1...,578.8,4.0,9.0,0.0,85.0,HIGH_CONFIDENCE_SAPONIN
250,O=[S](=O)(O)O[C@]1([H])C([H])([H])C([H])([H])[C@]2...,580.8,4.0,9.0,0.0,100.0,HIGH_CONFIDENCE_SAPONIN
251,O=[S](=O)(O)OC([H])([H])[C@@]([H])([C@]4([H])[C@@]...,564.8,4.0,8.0,0.0,90.0,HIGH_CONFIDENCE_SAPONIN
252,O=C6O[C@]57[C@]([C@@]4(C([H])([H])C([H])([H])[C@]3...,767.0,8.0,13.0,0.0,125.0,HIGH_CONFIDENCE_SAPONIN
256,[H]C(=O)[C@@]67C([H])([H])C([H])([H])[C@@]5(/C(=C(...,735.0,7.0,11.0,0.0,120.0,HIGH_CONFIDENCE_SAPONIN
257,O=C5[C@]6([H])[C@]([C@@]4(C([H])([H])C([H])([H])[C...,767.0,7.0,13.0,0.0,125.0,HIGH_CONFIDENCE_SAPONIN
258,O=C(O[H])[C@@]78C([H])([H])C([H])([H])[C@@]6(/C(=C...,913.1,8.0,17.0,0.0,135.0,HIGH_CONFIDENCE_SAPONIN
259,O=C(N([H])[C@]1([H])[C@@]([H])(O[H])[C@]([H])(O[H]...,2824.1,16.0,61.0,1.0,125.0,HIGH_CONFIDENCE_SAPONIN
260,[H]C1([H])[C@]([H])(O[H])C([H])([H])[C@]2([H])[C@]...,730.9,6.0,13.0,0.0,140.0,HIGH_CONFIDENCE_SAPONIN
261,[H]C1([H])[C@]([H])(O[H])C([H])([H])[C@]2([H])[C@]...,716.9,6.0,13.0,0.0,140.0,HIGH_CONFIDENCE_SAPONIN
262,[H]C1([H])[C@]([H])(O[H])[C@]([H])(O[H])[C@]2([H])...,791.0,6.0,15.0,0.0,140.0,HIGH_CONFIDENCE_SAPONIN
263,[H]C1([H])[C@]([H])(O[H])C([H])([H])[C@]2([H])[C@]...,775.0,6.0,14.0,0.0,140.0,HIGH_CONFIDENCE_SAPONIN
264,[H]C1([H])[C@]([H])(O[H])C([H])([H])[C@]2([H])[C@]...,803.0,6.0,15.0,0.0,150.0,HIGH_CONFIDENCE_SAPONIN
265,[H]C1([H])[C@]([H])(O[H])C([H])([H])[C@]2([H])[C@]...,789.0,6.0,15.0,0.0,140.0,HIGH_CONFIDENCE_SAPONIN
266,[H]C1([H])[C@]([H])(O[H])C([H])([H])[C@]2([H])[C@]...,568.8,5.0,8.0,0.0,125.0,HIGH_CONFIDENCE_SAPONIN
267,[H]C1([H])[C@]([H])(O[H])C([H])([H])[C@@]2(O[H])[C...,584.8,5.0,9.0,0.0,125.0,HIGH_CONFIDENCE_SAPONIN
268,O=C(C([H])([H])[C@](O[H])([C@]4([H])[C@@]1([C@@]([...,512.7,4.0,7.0,0.0,80.0,HIGH_CONFIDENCE_SAPONIN
269,O=C(C([H])([H])[C@]([H])([C@]5([H])[C@@]1([C@@]([H...,738.9,5.0,14.0,0.0,125.0,HIGH_CONFIDENCE_SAPONIN
270,O=C(C([H])([H])[C@]([H])([C@]4([H])[C@@]1([C@@]([H...,512.7,4.0,7.0,0.0,80.0,HIGH_CONFIDENCE_SAPONIN
271,O=C([C@]5([H])[C@@]1([C@@]([H])([C@@]4([H])C(=C([H...,638.8,5.0,13.0,0.0,120.0,HIGH_CONFIDENCE_SAPONIN
272,O=C(C([H])([H])[C@](O[H])([C@]9([H])[C@@]1([C@@]([...,1215.4,9.0,27.0,0.0,135.0,HIGH_CONFIDENCE_SAPONIN
273,O=C(C([H])([H])[C@](O[H])([C@]9([H])[C@@]1([C@@]([...,1229.4,9.0,27.0,0.0,135.0,HIGH_CONFIDENCE_SAPONIN
274,O=C1O[C@]([C@@]%10([H])[C@]12[C@]([C@@]9([H])C(=C(...,1401.5,10.0,32.0,0.0,135.0,HIGH_CONFIDENCE_SAPONIN
275,O=C1O[C@]([C@@]%10([H])[C@]12[C@]([C@@]9([H])C(=C(...,1399.5,10.0,32.0,0.0,135.0,HIGH_CONFIDENCE_SAPONIN
276,O=C3O[C@]([C@]2([H])C(=O)C([H])([H])[C@]1([C@@]%10...,1297.4,10.0,29.0,0.0,135.0,HIGH_CONFIDENCE_SAPONIN
277,O=C3O[C@]([C@]2([H])C(=O)C([H])([H])[C@]1([C@@]%11...,1473.6,11.0,34.0,0.0,135.0,HIGH_CONFIDENCE_SAPONIN
278,O=C%10O[C@]([C@@]9([H])C(=O)C([H])([H])[C@]8(/C7=C...,1283.4,10.0,29.0,0.0,135.0,HIGH_CONFIDENCE_SAPONIN
279,O=C(O[C@@]2([H])O[C@]([H])([C@]([H])(O[C@@]1([H])O...,1643.7,13.0,39.0,0.0,135.0,HIGH_CONFIDENCE_SAPONIN
280,O=C(O[C@@]3([H])O[C@]([H])([C@]([H])(O[C@]2([H])O[...,1833.9,14.0,45.0,0.0,135.0,HIGH_CONFIDENCE_SAPONIN
281,O=C(O[C@]1([H])OC([H])([H])[C@]([H])(O[H])[C@]([H]...,1209.3,10.0,27.0,0.0,135.0,HIGH_CONFIDENCE_SAPONIN
282,O=C(O[C@]1([H])OC([H])([H])[C@]([H])(O[H])[C@]([H]...,1371.5,11.0,32.0,0.0,135.0,HIGH_CONFIDENCE_SAPONIN
283,O=C1O[C@@](C([H])=C([H])C([H])=C(C([H])([H])[H])C(...,921.1,8.0,17.0,0.0,135.0,HIGH_CONFIDENCE_SAPONIN
284,O=C6O[C@@]7([H])C([H])([H])[C@]5(/C4=C(\[H])C([H])...,845.0,8.0,16.0,0.0,135.0,HIGH_CONFIDENCE_SAPONIN
285,O=C6O[C@@]7([H])C([H])([H])[C@]5(/C4=C(\[H])C([H])...,845.0,7.0,16.0,0.0,135.0,HIGH_CONFIDENCE_SAPONIN
286,O=C6O[C@@]7([H])C([H])([H])[C@]5(/C4=C(\[H])C([H])...,829.0,7.0,15.0,0.0,135.0,HIGH_CONFIDENCE_SAPONIN
287,O=C6O[C@@]7([H])C([H])([H])[C@]5(/C4=C(\[H])C([H])...,829.0,7.0,15.0,0.0,135.0,HIGH_CONFIDENCE_SAPONIN
288,O=C8O[C@@]9([H])C([H])([H])[C@]7(/C6=C(\[H])C([H])...,1153.3,9.0,25.0,0.0,135.0,HIGH_CONFIDENCE_SAPONIN
289,O=C8O[C@@]9([H])C([H])([H])[C@]7(/C6=C(\[H])C([H])...,1153.3,9.0,25.0,0.0,135.0,HIGH_CONFIDENCE_SAPONIN
290,O=C8O[C@@]9([H])C([H])([H])[C@]7(/C6=C(\[H])C([H])...,1233.4,9.0,28.0,0.0,135.0,HIGH_CONFIDENCE_SAPONIN
291,O=C8O[C@@]9([H])C([H])([H])[C@]7(/C6=C(\[H])C([H])...,1233.4,9.0,28.0,0.0,135.0,HIGH_CONFIDENCE_SAPONIN
292,O=C8O[C@@]9([H])C([H])([H])[C@]7(/C6=C(\[H])C([H])...,1217.4,9.0,27.0,0.0,135.0,HIGH_CONFIDENCE_SAPONIN
293,[H][C@]34C([C@@]([H])(O[C@]1([H])O[C@@]([H])([C@](...,827.1,6.0,14.0,0.0,135.0,HIGH_CONFIDENCE_SAPONIN
294,[H][C@]45C([C@@]([H])(O[C@]2([H])O[C@@]([H])([C@](...,987.2,7.0,19.0,0.0,135.0,HIGH_CONFIDENCE_SAPONIN
295,[H][C@]45C([C@@]([H])(O[C@]2([H])O[C@@]([H])([C@](...,1028.2,7.0,19.0,1.0,125.0,HIGH_CONFIDENCE_SAPONIN
296,[H][C@]45C([C@@]([H])(O[C@]2([H])O[C@@]([H])([C@](...,1000.2,7.0,18.0,1.0,125.0,HIGH_CONFIDENCE_SAPONIN
297,[H][C@]56C([C@@]([H])(O[C@]3([H])O[C@@]([H])([C@](...,1160.4,8.0,23.0,1.0,125.0,HIGH_CONFIDENCE_SAPONIN
298,[H][C@]56C([C@@]([H])(O[C@]3([H])O[C@@]([H])([C@](...,1202.4,8.0,24.0,1.0,125.0,HIGH_CONFIDENCE_SAPONIN
299,[H][C@]56C([C@@]([H])(O[C@]3([H])O[C@@]([H])([C@](...,1202.4,8.0,24.0,1.0,125.0,HIGH_CONFIDENCE_SAPONIN
300,O=C1O[C@]([C@@]9([H])[C@]18[C@](/C7=C(\[H])C([H])(...,1157.3,9.0,24.0,0.0,135.0,HIGH_CONFIDENCE_SAPONIN
301,O=C8O[C@@]9([H])C([H])([H])[C@]7(/C6=C(\[H])C([H])...,971.1,9.0,20.0,0.0,135.0,HIGH_CONFIDENCE_SAPONIN
302,O=C1O[C@]([C@]9([H])[C@]18[C@](/C7=C(\[H])C([H])([...,1113.3,9.0,23.0,0.0,135.0,HIGH_CONFIDENCE_SAPONIN
303,O=C(O[C@@]8([H])C([H])([H])[C@]7(/C6=C(\[H])C([H])...,1103.3,8.0,22.0,0.0,135.0,HIGH_CONFIDENCE_SAPONIN
304,O=C1O[C@]([C@]%10([H])[C@]19[C@](/C8=C(\[H])C([H])...,1313.5,10.0,29.0,0.0,135.0,HIGH_CONFIDENCE_SAPONIN
305,O=C1O[C@]([C@]6([H])[C@]15[C@](/C4=C(\[H])C([H])([...,644.8,6.0,9.0,0.0,115.0,HIGH_CONFIDENCE_SAPONIN
306,O=C1O[C@]([C@]7([H])[C@]16[C@](/C5=C(\[H])C([H])([...,791.0,7.0,13.0,0.0,125.0,HIGH_CONFIDENCE_SAPONIN
307,O=C1O[C@]([C@]7([H])[C@]16[C@](/C5=C(\[H])C([H])([...,871.1,7.0,16.0,0.0,135.0,HIGH_CONFIDENCE_SAPONIN
308,O=C1O[C@]([C@]9([H])[C@]18[C@](/C7=C(\[H])C([H])([...,1099.3,9.0,22.0,0.0,135.0,HIGH_CONFIDENCE_SAPONIN
309,O=C1O[C@]([C@]9([H])[C@]18[C@](/C7=C(\[H])C([H])([...,1179.3,9.0,25.0,0.0,135.0,HIGH_CONFIDENCE_SAPONIN
310,O=C1O[C@]([C@]9([H])[C@]18[C@](/C7=C(\[H])C([H])([...,1101.3,9.0,22.0,0.0,135.0,HIGH_CONFIDENCE_SAPONIN
311,O=C1O[C@]([C@]9([H])[C@]18[C@](/C7=C(\[H])C([H])([...,1181.4,9.0,25.0,0.0,135.0,HIGH_CONFIDENCE_SAPONIN
312,O=C1O[C@]([C@]%10([H])[C@]19[C@](/C8=C(\[H])C([H])...,1233.4,10.0,26.0,0.0,135.0,HIGH_CONFIDENCE_SAPONIN
313,O=C1O[C@]([C@]%10([H])[C@]19[C@](/C8=C(\[H])C([H])...,1313.5,10.0,29.0,0.0,135.0,HIGH_CONFIDENCE_SAPONIN
314,O=C%10O[C@]([C@@]9([H])C(=O)C([H])([H])[C@]8(/C7=C...,1283.4,10.0,29.0,0.0,135.0,HIGH_CONFIDENCE_SAPONIN
315,O=C8O[C@]([C@@]7([H])C(=O)C([H])([H])[C@]6(/C5=C(\...,959.1,8.0,19.0,0.0,135.0,HIGH_CONFIDENCE_SAPONIN
316,O=C8O[C@@]9([H])C([H])([H])[C@]7(/C6=C(\[H])C([H])...,1051.2,9.0,23.0,0.0,135.0,HIGH_CONFIDENCE_SAPONIN
317,O=C%10O[C@]([C@@]9([H])C(=O)C([H])([H])[C@]8(/C7=C...,1297.4,10.0,29.0,0.0,135.0,HIGH_CONFIDENCE_SAPONIN
318,O=C%10O[C@]([C@@]9([H])C(=O)C([H])([H])[C@]8(/C7=C...,1377.5,10.0,32.0,0.0,135.0,HIGH_CONFIDENCE_SAPONIN
319,O=C%10O[C@]([C@@]9([H])C(=O)C([H])([H])[C@]8(/C7=C...,1377.5,10.0,32.0,0.0,135.0,HIGH_CONFIDENCE_SAPONIN
320,O=C%10O[C@]([C@@]9([H])C(=O)C([H])([H])[C@]8(/C7=C...,1457.6,10.0,35.0,0.0,135.0,HIGH_CONFIDENCE_SAPONIN
321,O=C%10O[C@]([C@@]9([H])C(=O)C([H])([H])[C@]8(/C7=C...,1217.4,10.0,26.0,0.0,135.0,HIGH_CONFIDENCE_SAPONIN
322,O=C%10O[C@]([C@@]9([H])C(=O)C([H])([H])[C@]8(/C7=C...,1203.3,10.0,26.0,0.0,135.0,HIGH_CONFIDENCE_SAPONIN
323,O=C1O[C@]([C@]%10([H])[C@]19[C@](/C8=C(\[H])C([H])...,1443.6,10.0,34.0,0.0,135.0,HIGH_CONFIDENCE_SAPONIN
324,O=C1O[C@]([C@]%10([H])[C@]19[C@](/C8=C(\[H])C([H])...,1203.4,10.0,25.0,0.0,135.0,HIGH_CONFIDENCE_SAPONIN
325,O=C1O[C@]([C@]9(O[H])[C@]12[C@]([C@@]8([H])C(=C([H...,1199.3,10.0,27.0,0.0,135.0,HIGH_CONFIDENCE_SAPONIN
326,O=C1O[C@]([C@]7(O[H])[C@]12[C@]([C@@]6([H])C(=C([H...,861.0,8.0,17.0,0.0,135.0,HIGH_CONFIDENCE_SAPONIN
327,O=C1O[C@]([C@]9(O[H])[C@]12[C@]([C@@]8([H])C(=C([H...,1243.4,9.0,28.0,0.0,135.0,HIGH_CONFIDENCE_SAPONIN
328,O=C1O[C@]([C@]7(O[H])[C@@]16C(=O)C([H])=C5[C@@]4([...,845.0,7.0,16.0,0.0,135.0,HIGH_CONFIDENCE_SAPONIN
329,O=C3O[C@]([C@]2([H])C(=O)C([H])([H])[C@]1([C@@]%11...,1393.5,11.0,31.0,0.0,135.0,HIGH_CONFIDENCE_SAPONIN
330,[H][C@]78/C6=C(\[H])C([H])([H])[C@]5([H])[C@@]4([C...,1139.3,8.0,22.0,0.0,135.0,HIGH_CONFIDENCE_SAPONIN
331,O=C6[C@]([H])(O[C@]5([H])O[C@@]([H])([C@]([H])(O[H...,1257.3,11.0,30.0,0.0,150.0,HIGH_CONFIDENCE_SAPONIN
332,[H][C@]58/C4=C(\[H])C([H])([H])[C@]3([H])[C@@]2([C...,909.1,8.0,17.0,0.0,135.0,HIGH_CONFIDENCE_SAPONIN
333,[H][C@]59/C4=C(\[H])C([H])([H])[C@]3([H])[C@@]2([C...,1041.2,9.0,21.0,0.0,135.0,HIGH_CONFIDENCE_SAPONIN
334,[H][C@]5%10/C4=C(\[H])C([H])([H])[C@]3([H])[C@@]2(...,1173.3,10.0,25.0,0.0,135.0,HIGH_CONFIDENCE_SAPONIN
335,[H][C@]59/C4=C(\[H])C([H])([H])[C@]3([H])[C@@]2([C...,1041.2,9.0,21.0,0.0,135.0,HIGH_CONFIDENCE_SAPONIN
336,O=C(O[C@]1([H])O[C@@]([H])([C@@]([H])(O[H])[C@]([H...,1757.9,12.0,40.0,0.0,135.0,HIGH_CONFIDENCE_SAPONIN
337,O=C(O[H])[C@@]%11([H])O[C@@]([H])(O[C@]1([H])C([C@...,1251.4,11.0,27.0,0.0,135.0,HIGH_CONFIDENCE_SAPONIN
338,O=C(O[H])[C@@]%10([H])O[C@@]([H])(O[C@]1([H])C([C@...,1105.3,10.0,23.0,0.0,135.0,HIGH_CONFIDENCE_SAPONIN
339,O=C(O[C@@]%12([H])C([H])([H])[C@]%11(C(=O)O[C@]1([...,1692.8,13.0,38.0,1.0,125.0,HIGH_CONFIDENCE_SAPONIN
340,O=C(O[C@@]%13([H])C([H])([H])[C@]%12(C(=O)O[C@]1([...,1813.9,14.0,43.0,0.0,135.0,HIGH_CONFIDENCE_SAPONIN
341,O=C(O[C@@]%12([H])C([H])([H])[C@]%11(C(=O)O[C@]1([...,2213.4,14.0,49.0,1.0,125.0,HIGH_CONFIDENCE_SAPONIN
342,O=C(O[H])[C@@]67C([H])([H])C([H])([H])[C@@]5(/C(=C...,751.0,7.0,12.0,0.0,125.0,HIGH_CONFIDENCE_SAPONIN
343,O=C(O[H])[C@@]56C([H])([H])C([H])([H])[C@@]4(/C(=C...,604.8,6.0,8.0,0.0,120.0,HIGH_CONFIDENCE_SAPONIN
344,O=C(O[H])[C@@]78C([H])([H])C([H])([H])[C@@]6(/C(=C...,913.1,8.0,17.0,0.0,135.0,HIGH_CONFIDENCE_SAPONIN
345,O=C6[C@]7([H])[C@]([C@@]5(C([H])([H])C([H])([H])[C...,929.1,8.0,18.0,0.0,135.0,HIGH_CONFIDENCE_SAPONIN
346,[H]C5([H])[C@]([H])(O[C@]2([H])O[C@@]([H])([C@@]([...,855.0,9.0,16.0,0.0,135.0,HIGH_CONFIDENCE_SAPONIN
347,[H]C6([H])[C@]([H])(O[C@]3([H])O[C@@]([H])([C@@]([...,1015.2,10.0,20.0,0.0,135.0,HIGH_CONFIDENCE_SAPONIN
348,[H]C5([H])[C@]([H])(O[C@]2([H])O[C@@]([H])([C@@]([...,871.0,9.0,17.0,0.0,135.0,HIGH_CONFIDENCE_SAPONIN
349,[H]C4([H])[C@]([H])(O[C@]1([H])O[C@@]([H])([C@@]([...,738.9,8.0,13.0,0.0,125.0,HIGH_CONFIDENCE_SAPONIN
350,[H]C5([H])[C@]([H])(O[C@]2([H])O[C@@]([H])([C@@]([...,885.1,9.0,17.0,0.0,135.0,HIGH_CONFIDENCE_SAPONIN
351,[H]C6([H])[C@]([H])(O[C@]3([H])O[C@@]([H])([C@@]([...,1031.2,10.0,21.0,0.0,135.0,HIGH_CONFIDENCE_SAPONIN
352,[H]C4([H])[C@]([H])(O[C@@]1([H])O[C@@]([H])([C@@](...,738.9,8.0,13.0,0.0,125.0,HIGH_CONFIDENCE_SAPONIN
353,[H]C4([H])[C@]([H])(O[C@@]1([H])O[C@@]([H])([C@@](...,708.9,8.0,12.0,0.0,125.0,HIGH_CONFIDENCE_SAPONIN
354,[H]C4([H])[C@]([H])(O[C@]2([H])O[C@@]([H])([C@@]([...,738.9,8.0,13.0,0.0,125.0,HIGH_CONFIDENCE_SAPONIN
355,[H]C4([H])[C@]([H])(O[C@]2([H])O[C@@]([H])([C@@]([...,708.9,8.0,12.0,0.0,125.0,HIGH_CONFIDENCE_SAPONIN
356,[H]C4([H])[C@]([H])(O[C@]2([H])O[C@@]([H])([C@@]([...,738.9,8.0,13.0,0.0,125.0,HIGH_CONFIDENCE_SAPONIN
357,[H]C4([H])[C@]([H])(O[C@]2([H])O[C@@]([H])([C@@]([...,738.9,8.0,13.0,0.0,125.0,HIGH_CONFIDENCE_SAPONIN
358,[H]C4([H])[C@]([H])(O[C@]1([H])O[C@@]([H])([C@@]([...,738.9,8.0,13.0,0.0,125.0,HIGH_CONFIDENCE_SAPONIN
359,[H]C4([H])[C@]([H])(O[C@]1([H])O[C@@]([H])([C@@]([...,738.9,8.0,13.0,0.0,125.0,HIGH_CONFIDENCE_SAPONIN
360,[H]C4([H])[C@]([H])(O[C@]1([H])O[C@@]([H])([C@@]([...,708.9,8.0,12.0,0.0,125.0,HIGH_CONFIDENCE_SAPONIN
361,[H]C4([H])[C@]([H])(O[C@]1([H])O[C@@]([H])([C@@]([...,708.9,8.0,12.0,0.0,125.0,HIGH_CONFIDENCE_SAPONIN
362,[H]C4([H])[C@]([H])(O[C@@]1([H])O[C@@]([H])([C@@](...,708.9,8.0,12.0,0.0,125.0,HIGH_CONFIDENCE_SAPONIN
363,O=C5C([H])=C6[C@@]([C@@]4(C([H])([H])C([H])([H])[C...,809.0,7.0,14.0,0.0,135.0,HIGH_CONFIDENCE_SAPONIN
364,O=C5C([H])=C6[C@@]([C@@]4(C([H])([H])C([H])([H])[C...,779.0,7.0,13.0,0.0,125.0,HIGH_CONFIDENCE_SAPONIN
365,O=C5C([H])=C6[C@@]([C@@]4(C([H])([H])C([H])([H])[C...,809.0,7.0,14.0,0.0,135.0,HIGH_CONFIDENCE_SAPONIN
366,O=C5C([H])=C6[C@]([C@@]4(C([H])([H])C([H])([H])[C@...,809.0,7.0,14.0,0.0,135.0,HIGH_CONFIDENCE_SAPONIN
367,O=C5C([H])=C6[C@]([C@@]4(C([H])([H])C([H])([H])[C@...,809.0,7.0,14.0,0.0,135.0,HIGH_CONFIDENCE_SAPONIN
368,O=C5C([H])=C6[C@]([C@@]4(C([H])([H])C([H])([H])[C@...,809.0,7.0,14.0,0.0,135.0,HIGH_CONFIDENCE_SAPONIN
369,O=C5C([H])=C6[C@@]([C@@]4(C([H])([H])C([H])([H])[C...,809.0,7.0,14.0,0.0,135.0,HIGH_CONFIDENCE_SAPONIN
370,O=C5C([H])=C6[C@]([C@@]4(C([H])([H])C([H])([H])[C@...,779.0,7.0,13.0,0.0,125.0,HIGH_CONFIDENCE_SAPONIN
371,O=C5C([H])=C6[C@]([C@@]4(C([H])([H])C([H])([H])[C@...,779.0,7.0,13.0,0.0,125.0,HIGH_CONFIDENCE_SAPONIN
372,O=C(O[C@@]%12([H])C([H])([H])[C@]%11(C(=O)O[C@]1([...,2500.7,15.0,56.0,0.0,135.0,HIGH_CONFIDENCE_SAPONIN
373,O=C(O[C@@]%13([H])C([H])([H])[C@]%12(C(=O)O[C@]1([...,2662.9,16.0,61.0,0.0,135.0,HIGH_CONFIDENCE_SAPONIN
374,O=C(O[C@@]%13([H])C([H])([H])[C@]%12(C(=O)O[C@]1([...,2320.5,15.0,54.0,0.0,135.0,HIGH_CONFIDENCE_SAPONIN
375,O=C(O[C@@]%12([H])C([H])([H])[C@]%11(C(=O)O[C@]1([...,1860.0,13.0,43.0,0.0,135.0,HIGH_CONFIDENCE_SAPONIN
376,[H]C1([H])[C@]([H])(O[H])C([H])([H])[C@]2([H])[C@]...,730.9,6.0,13.0,0.0,140.0,HIGH_CONFIDENCE_SAPONIN
377,[H]C1([H])[C@]([H])(O[H])C([H])([H])[C@]2([H])[C@]...,716.9,6.0,13.0,0.0,140.0,HIGH_CONFIDENCE_SAPONIN
378,[H]C5([H])[C@]([H])(O[C@]2([H])O[C@@]([H])([C@@]([...,897.1,9.0,16.0,0.0,135.0,HIGH_CONFIDENCE_SAPONIN
379,[H]C5([H])[C@]([H])(O[C@]2([H])O[C@@]([H])([C@@]([...,909.1,9.0,16.0,0.0,135.0,HIGH_CONFIDENCE_SAPONIN
380,[H]C5([H])[C@]([H])(O[C@]2([H])O[C@@]([H])([C@@]([...,912.1,9.0,16.0,1.0,125.0,HIGH_CONFIDENCE_SAPONIN
381,O=C(N([H])C([H])([H])C([H])([H])OC([H])([H])[C@@]8...,954.2,9.0,17.0,1.0,125.0,HIGH_CONFIDENCE_SAPONIN
382,O=C(N([H])C([H])([H])C([H])([H])OC([H])([H])[C@@]8...,1008.1,9.0,17.0,1.0,125.0,HIGH_CONFIDENCE_SAPONIN
383,O=C(N([H])C([H])([H])C([H])([H])OC([H])([H])[C@@]8...,1016.2,10.0,17.0,1.0,125.0,HIGH_CONFIDENCE_SAPONIN
384,O=C(N([H])C([H])([H])C([H])([H])OC([H])([H])[C@@]8...,1006.2,9.0,17.0,1.0,125.0,HIGH_CONFIDENCE_SAPONIN
385,O=C(N([H])C([H])([H])C([H])([H])OC([H])([H])[C@@]8...,1122.5,9.0,17.0,1.0,125.0,HIGH_CONFIDENCE_SAPONIN
386,[H]C5([H])[C@]([H])(O[C@]3([H])O[C@@]2([H])[C@@]([...,704.9,9.0,11.0,0.0,115.0,HIGH_CONFIDENCE_SAPONIN
387,[H]C4([H])[C@]([H])(O[C@]2([H])O[C@@]([H])([C@@]([...,871.1,9.0,16.0,0.0,150.0,HIGH_CONFIDENCE_SAPONIN
388,[H][C@]4(O[H])[C@]([H])(O[C@]2([H])O[C@@]([H])([C@...,887.1,9.0,17.0,0.0,150.0,HIGH_CONFIDENCE_SAPONIN
389,O=C(O[C@]5([H])[C@]4([H])C([H])([H])[C@@]([H])(O[C...,985.2,9.0,18.0,0.0,150.0,HIGH_CONFIDENCE_SAPONIN
390,O=C(O[C@]5([H])[C@]4([H])C([H])([H])[C@@]([H])(O[C...,1041.3,9.0,18.0,0.0,150.0,HIGH_CONFIDENCE_SAPONIN
391,[H][C@]3(O[H])[C@]([H])(O[C@]1([H])O[C@@]([H])([C@...,740.9,8.0,13.0,0.0,140.0,HIGH_CONFIDENCE_SAPONIN
392,[H][C@]1(O[C@]([H])([C@]([H])(O[H])[C@@]([H])(O[H]...,887.1,9.0,17.0,0.0,150.0,HIGH_CONFIDENCE_SAPONIN
393,[H]C5([H])[C@]([H])(O[C@]2([H])O[C@@]([H])([C@@]([...,869.1,9.0,16.0,0.0,135.0,HIGH_CONFIDENCE_SAPONIN
394,[H]C5([H])[C@]([H])(O[C@]2([H])O[C@@]([H])([C@@]([...,868.1,9.0,15.0,1.0,125.0,HIGH_CONFIDENCE_SAPONIN
395,O=C(N([H])C([H])([H])[C@@]8([H])O[C@@]([H])(O[C@@]...,964.1,9.0,16.0,1.0,125.0,HIGH_CONFIDENCE_SAPONIN
396,O=C(N([H])C([H])([H])[C@@]8([H])O[C@@]([H])(O[C@@]...,972.6,9.0,16.0,1.0,125.0,HIGH_CONFIDENCE_SAPONIN
397,O=C(N([H])C([H])([H])[C@@]8([H])O[C@@]([H])(O[C@@]...,962.2,9.0,16.0,1.0,125.0,HIGH_CONFIDENCE_SAPONIN
398,O=C(N([H])C([H])([H])[C@@]8([H])O[C@@]([H])(O[C@@]...,972.2,10.0,16.0,1.0,125.0,HIGH_CONFIDENCE_SAPONIN
399,O=C(N([H])C([H])([H])[C@@]8([H])O[C@@]([H])(O[C@@]...,1002.2,10.0,17.0,1.0,125.0,HIGH_CONFIDENCE_SAPONIN
401,O=C(N([H])C([H])([H])[C@@]8([H])O[C@@]([H])(O[C@@]...,1098.1,10.0,16.0,1.0,125.0,HIGH_CONFIDENCE_SAPONIN
402,O=C(N([H])C([H])([H])[C@@]8([H])O[C@@]([H])(O[C@@]...,1002.2,10.0,17.0,1.0,125.0,HIGH_CONFIDENCE_SAPONIN
403,O=C(N([H])C([H])([H])[C@@]8([H])O[C@@]([H])(O[C@@]...,1036.7,10.0,17.0,1.0,125.0,HIGH_CONFIDENCE_SAPONIN
404,O=C(N([H])C([H])([H])[C@@]8([H])O[C@@]([H])(O[C@@]...,998.2,10.0,16.0,1.0,125.0,HIGH_CONFIDENCE_SAPONIN
405,O=C(OC([H])([H])C2=c3c(=C1C([H])=C([H])C([H])=C([H...,1090.3,12.0,17.0,1.0,125.0,HIGH_CONFIDENCE_SAPONIN
406,O=[S](=O)(N([H])C([H])([H])[C@@]8([H])O[C@@]([H])(...,1101.4,11.0,17.0,2.0,115.0,HIGH_CONFIDENCE_SAPONIN
407,N#N=NC([H])([H])C([H])([H])O[C@]9([H])[C@@]([H])(O...,938.1,9.0,16.0,3.0,105.0,HIGH_CONFIDENCE_SAPONIN
408,[H]C5([H])[C@]([H])(O[C@]2([H])O[C@@]([H])([C@@]([...,912.1,9.0,16.0,1.0,125.0,HIGH_CONFIDENCE_SAPONIN
409,O=C(N([H])C([H])([H])C([H])([H])O[C@]9([H])[C@@]([...,954.2,9.0,17.0,1.0,125.0,HIGH_CONFIDENCE_SAPONIN
410,O=C(N([H])C([H])([H])C([H])([H])O[C@]9([H])[C@@]([...,1008.1,9.0,17.0,1.0,125.0,HIGH_CONFIDENCE_SAPONIN
411,O=C(N([H])C([H])([H])C([H])([H])O[C@]9([H])[C@@]([...,1016.7,9.0,17.0,1.0,125.0,HIGH_CONFIDENCE_SAPONIN
412,O=C(N([H])C([H])([H])C([H])([H])O[C@]9([H])[C@@]([...,1006.2,9.0,17.0,1.0,125.0,HIGH_CONFIDENCE_SAPONIN
413,O=C(N([H])C([H])([H])C([H])([H])O[C@]9([H])[C@@]([...,1078.4,9.0,17.0,1.0,125.0,HIGH_CONFIDENCE_SAPONIN
414,O=C(N([H])C([H])([H])C([H])([H])O[C@]9([H])[C@@]([...,1016.2,10.0,17.0,1.0,125.0,HIGH_CONFIDENCE_SAPONIN
415,O=C(N([H])C([H])([H])C([H])([H])O[C@]9([H])[C@@]([...,1046.3,10.0,18.0,1.0,125.0,HIGH_CONFIDENCE_SAPONIN
417,O=C(N([H])C([H])([H])C([H])([H])O[C@]9([H])[C@@]([...,1142.1,10.0,17.0,1.0,125.0,HIGH_CONFIDENCE_SAPONIN
418,O=C(N([H])C([H])([H])C([H])([H])O[C@]9([H])[C@@]([...,1046.3,10.0,18.0,1.0,125.0,HIGH_CONFIDENCE_SAPONIN
419,O=C(N([H])C([H])([H])C([H])([H])O[C@]9([H])[C@@]([...,1080.7,10.0,18.0,1.0,125.0,HIGH_CONFIDENCE_SAPONIN
420,O=C(N([H])C([H])([H])C([H])([H])O[C@]9([H])[C@@]([...,1042.3,10.0,17.0,1.0,125.0,HIGH_CONFIDENCE_SAPONIN
421,O=C(OC([H])([H])C2=c3c(=C1C([H])=C([H])C([H])=C([H...,1134.4,12.0,18.0,1.0,125.0,HIGH_CONFIDENCE_SAPONIN
422,O=[S](=O)(c1c2c(c([H])c([H])c1[H])c(c([H])c([H])c2...,1145.4,11.0,18.0,2.0,115.0,HIGH_CONFIDENCE_SAPONIN
423,O=C(OC([H])([H])[C@]9([H])O[C@@]([H])(O[C@]8([H])[...,939.1,9.0,18.0,0.0,135.0,HIGH_CONFIDENCE_SAPONIN
424,[H]C4([H])[C@]([H])(O[C@]1([H])O[C@@]([H])([C@@]([...,722.9,8.0,12.0,0.0,125.0,HIGH_CONFIDENCE_SAPONIN
425,[H]C4([H])[C@]([H])(O[C@]2([H])O[C@@]([H])([C@@]([...,722.9,8.0,12.0,0.0,125.0,HIGH_CONFIDENCE_SAPONIN
426,O=C(O[C@]8([H])[C@@]([H])(O[H])[C@@]([H])(O[H])[C@...,765.0,8.0,13.0,0.0,125.0,HIGH_CONFIDENCE_SAPONIN
427,[H]C4([H])[C@]([H])(O[C@]1([H])O[C@@]([H])([C@@]([...,722.9,8.0,12.0,0.0,125.0,HIGH_CONFIDENCE_SAPONIN
428,O=C(O[C@]9([H])[C@@]([H])(O[H])[C@@]([H])(O[H])[C@...,911.1,9.0,17.0,0.0,135.0,HIGH_CONFIDENCE_SAPONIN
429,O=C(O[C@]9([H])[C@@]([H])(O[H])[C@@]([H])(O[H])[C@...,939.1,9.0,17.0,0.0,135.0,HIGH_CONFIDENCE_SAPONIN
430,O=C(O[C@]9([H])[C@@]([H])(O[H])[C@@]([H])(O[H])[C@...,967.2,9.0,17.0,0.0,135.0,HIGH_CONFIDENCE_SAPONIN
431,[H]C5([H])[C@]([H])(O[C@]2([H])O[C@@]([H])([C@@]([...,869.1,9.0,16.0,0.0,135.0,HIGH_CONFIDENCE_SAPONIN
432,[H][C@]1(O[C@]([H])([C@]([H])(O[H])[C@@]([H])(O[H]...,855.0,9.0,16.0,0.0,135.0,HIGH_CONFIDENCE_SAPONIN
433,O=C(O[H])[C@@]56C([H])([H])C([H])([H])[C@@]4(/C(=C...,634.9,6.0,9.0,0.0,120.0,HIGH_CONFIDENCE_SAPONIN
434,O=C(O[H])[C@@]56C([H])([H])C([H])([H])[C@@]4(/C(=C...,604.8,6.0,8.0,0.0,120.0,HIGH_CONFIDENCE_SAPONIN
435,O=C(O[H])[C@@]67C([H])([H])C([H])([H])[C@@]5(/C(=C...,751.0,7.0,12.0,0.0,125.0,HIGH_CONFIDENCE_SAPONIN
436,O=C(O[H])[C@@]67C([H])([H])C([H])([H])[C@@]5(/C(=C...,735.0,7.0,11.0,0.0,120.0,HIGH_CONFIDENCE_SAPONIN
437,O=C(O[H])[C@@]78C([H])([H])C([H])([H])[C@@]6(/C(=C...,913.1,8.0,17.0,0.0,135.0,HIGH_CONFIDENCE_SAPONIN
438,O=C(O[H])[C@@]78C([H])([H])C([H])([H])[C@@]6(/C(=C...,897.1,8.0,16.0,0.0,135.0,HIGH_CONFIDENCE_SAPONIN
439,O=C(O[C@]1([H])O[C@]([H])([C@]([H])(O[H])[C@@]([H]...,749.0,7.0,11.0,0.0,135.0,HIGH_CONFIDENCE_SAPONIN
440,O=C(O[H])[C@@]67C([H])([H])C([H])([H])[C@]5([C@@]4...,735.0,7.0,11.0,0.0,135.0,HIGH_CONFIDENCE_SAPONIN
441,[H]C8([H])[C@@]([H])(O[C@@]7([H])C([H])([H])O[C@@]...,881.1,8.0,15.0,0.0,150.0,HIGH_CONFIDENCE_SAPONIN
442,O=C(O[H])[C@@]56C([H])([H])C([H])([H])[C@@]4(/C(=C...,604.8,6.0,8.0,0.0,120.0,HIGH_CONFIDENCE_SAPONIN
443,O=C(OC([H])([H])[H])[C@@]56C([H])([H])C([H])([H])[...,618.9,6.0,8.0,0.0,115.0,HIGH_CONFIDENCE_SAPONIN
444,O=C(O[H])[C@@]67C([H])([H])C([H])([H])[C@@]5(/C(=C...,751.0,7.0,12.0,0.0,125.0,HIGH_CONFIDENCE_SAPONIN
445,O=C(OC([H])([H])[H])[C@@]67C([H])([H])C([H])([H])[...,765.0,7.0,12.0,0.0,125.0,HIGH_CONFIDENCE_SAPONIN
446,O=C(O[H])[C@@]67C([H])([H])C([H])([H])[C@@]5(/C(=C...,751.0,7.0,12.0,0.0,125.0,HIGH_CONFIDENCE_SAPONIN
447,O=C(OC([H])([H])[H])[C@@]67C([H])([H])C([H])([H])[...,765.0,7.0,12.0,0.0,125.0,HIGH_CONFIDENCE_SAPONIN
448,O=C(O[H])[C@@]67C([H])([H])C([H])([H])[C@@]5(/C(=C...,751.0,7.0,12.0,0.0,125.0,HIGH_CONFIDENCE_SAPONIN
449,O=C(OC([H])([H])[H])[C@@]67C([H])([H])C([H])([H])[...,765.0,7.0,12.0,0.0,125.0,HIGH_CONFIDENCE_SAPONIN
450,O=C(O[H])[C@@]67C([H])([H])C([H])([H])[C@@]5(/C(=C...,736.9,7.0,12.0,0.0,125.0,HIGH_CONFIDENCE_SAPONIN
451,O=C(OC([H])([H])[H])[C@@]67C([H])([H])C([H])([H])[...,751.0,7.0,12.0,0.0,125.0,HIGH_CONFIDENCE_SAPONIN
452,O=C(OC([H])([H])[H])[C@@]67C([H])([H])C([H])([H])[...,751.0,7.0,12.0,0.0,125.0,HIGH_CONFIDENCE_SAPONIN
453,O=C(O[H])[C@@]67C([H])([H])C([H])([H])[C@@]5(/C(=C...,736.9,7.0,12.0,0.0,125.0,HIGH_CONFIDENCE_SAPONIN
454,O=C(OC([H])([H])[H])[C@@]67C([H])([H])C([H])([H])[...,751.0,7.0,12.0,0.0,125.0,HIGH_CONFIDENCE_SAPONIN
455,O=C(O[H])[C@@]67C([H])([H])C([H])([H])[C@@]5(/C(=C...,736.9,7.0,12.0,0.0,125.0,HIGH_CONFIDENCE_SAPONIN
456,O=C(OC([H])([H])[H])[C@@]67C([H])([H])C([H])([H])[...,751.0,7.0,12.0,0.0,125.0,HIGH_CONFIDENCE_SAPONIN
457,O=C(OC([H])([H])[H])[C@@]67C([H])([H])C([H])([H])[...,781.0,7.0,13.0,0.0,125.0,HIGH_CONFIDENCE_SAPONIN
458,O=C(O[H])[C@@]67C([H])([H])C([H])([H])[C@@]5(/C(=C...,767.0,7.0,13.0,0.0,125.0,HIGH_CONFIDENCE_SAPONIN
459,O=C(OC([H])([H])[H])[C@@]67C([H])([H])C([H])([H])[...,781.0,7.0,13.0,0.0,125.0,HIGH_CONFIDENCE_SAPONIN
460,O=C(O[H])[C@@]67C([H])([H])C([H])([H])[C@@]5(/C(=C...,767.0,7.0,13.0,0.0,125.0,HIGH_CONFIDENCE_SAPONIN
461,O=C(OC([H])([H])[H])[C@@]67C([H])([H])C([H])([H])[...,781.0,7.0,13.0,0.0,125.0,HIGH_CONFIDENCE_SAPONIN
462,O=C(O[H])[C@@]67C([H])([H])C([H])([H])[C@@]5(/C(=C...,797.0,7.0,14.0,0.0,125.0,HIGH_CONFIDENCE_SAPONIN
463,O=C(OC([H])([H])[H])[C@@]67C([H])([H])C([H])([H])[...,811.0,7.0,14.0,0.0,135.0,HIGH_CONFIDENCE_SAPONIN
464,O=C(O[H])[C@@]67C([H])([H])C([H])([H])[C@@]5(/C(=C...,797.0,7.0,14.0,0.0,125.0,HIGH_CONFIDENCE_SAPONIN
465,O=C(OC([H])([H])[H])[C@@]67C([H])([H])C([H])([H])[...,811.0,7.0,14.0,0.0,135.0,HIGH_CONFIDENCE_SAPONIN
466,O=C(O[H])[C@@]67C([H])([H])C([H])([H])[C@@]5(/C(=C...,797.0,7.0,14.0,0.0,125.0,HIGH_CONFIDENCE_SAPONIN
467,O=C(OC([H])([H])[H])[C@@]67C([H])([H])C([H])([H])[...,811.0,7.0,14.0,0.0,135.0,HIGH_CONFIDENCE_SAPONIN
468,O=C(OC([H])([H])[H])[C@@]67C([H])([H])C([H])([H])[...,811.0,7.0,14.0,0.0,135.0,HIGH_CONFIDENCE_SAPONIN
469,O=C(OC([H])([H])[H])[C@@]67C([H])([H])C([H])([H])[...,811.0,7.0,14.0,0.0,135.0,HIGH_CONFIDENCE_SAPONIN
470,O=C(O[C@]1([H])OC([H])([H])[C@]([H])(O[H])[C@]([H]...,1225.3,10.0,28.0,0.0,135.0,HIGH_CONFIDENCE_SAPONIN
471,O=C(O[C@]1([H])OC([H])([H])[C@]([H])(O[H])[C@]([H]...,1387.5,11.0,33.0,0.0,135.0,HIGH_CONFIDENCE_SAPONIN
472,O=C(O[C@]1([H])OC([H])([H])[C@]([H])(O[H])[C@]([H]...,1255.4,10.0,29.0,0.0,135.0,HIGH_CONFIDENCE_SAPONIN
473,O=C(O[C@]1([H])OC([H])([H])[C@]([H])(O[H])[C@]([H]...,1387.5,11.0,33.0,0.0,135.0,HIGH_CONFIDENCE_SAPONIN
474,O=C(O[C@]1([H])OC([H])([H])[C@]([H])(O[H])[C@]([H]...,1549.6,12.0,38.0,0.0,135.0,HIGH_CONFIDENCE_SAPONIN
475,O=C(O[C@]1([H])OC([H])([H])[C@]([H])(O[H])[C@]([H]...,1417.5,11.0,34.0,0.0,135.0,HIGH_CONFIDENCE_SAPONIN
476,O=C(O[H])[C@@]67C([H])([H])C([H])([H])[C@@]5(/C(=C...,827.0,7.0,16.0,0.0,135.0,HIGH_CONFIDENCE_SAPONIN
477,O=C(On2nnc1c([H])c([H])c([H])c([H])c12)[C@@]89C([H...,944.1,9.0,16.0,3.0,105.0,HIGH_CONFIDENCE_SAPONIN
478,O=C(N([H])C([H])([H])C([H])([H])C([H])([H])[H])[C@...,868.1,7.0,15.0,1.0,125.0,HIGH_CONFIDENCE_SAPONIN
479,O=C(N([H])C([H])([H])C([H])([H])C([H])([H])C([H])(...,882.1,7.0,15.0,1.0,125.0,HIGH_CONFIDENCE_SAPONIN
480,O=C(N([H])C([H])([H])c1c([H])c([H])c([H])c([H])c1[...,916.1,8.0,15.0,1.0,125.0,HIGH_CONFIDENCE_SAPONIN
481,O=C(N([H])C([H])([H])C([H])([H])c1c([H])c([H])c([H...,930.1,8.0,15.0,1.0,125.0,HIGH_CONFIDENCE_SAPONIN
482,O=C(N([H])C([H])([H])c1c([Cl])c([H])c([H])c([H])c1...,950.6,8.0,15.0,1.0,125.0,HIGH_CONFIDENCE_SAPONIN
483,O=C(N([H])C([H])([H])c1c([H])c([H])c([F])c([H])c1[...,934.1,8.0,15.0,1.0,125.0,HIGH_CONFIDENCE_SAPONIN
484,O=C(N([H])C([H])([H])c1c([H])c([H])c(OC([H])([H])[...,946.1,8.0,16.0,1.0,125.0,HIGH_CONFIDENCE_SAPONIN
485,[H][C@@]23C([H])([H])C([H])=C1C([H])([H])[C@@]([H]...,560.8,5.0,7.0,0.0,100.0,HIGH_CONFIDENCE_SAPONIN
486,[H][C@@]23C([H])([H])C([H])=C1C([H])([H])[C@@]([H]...,562.8,5.0,7.0,0.0,105.0,HIGH_CONFIDENCE_SAPONIN
487,[H][C@@]23C([H])([H])C([H])([H])[C@]1([H])C([H])([...,610.9,5.0,8.0,0.0,135.0,HIGH_CONFIDENCE_SAPONIN
488,[H]C4([H])[C@]([H])(O[C@]2([H])O[C@@]([H])([C@@]([...,881.2,8.0,14.0,0.0,150.0,HIGH_CONFIDENCE_SAPONIN
489,[H]C4([H])[C@]([H])(O[C@]2([H])O[C@@]([H])([C@@]([...,909.2,9.0,15.0,0.0,135.0,HIGH_CONFIDENCE_SAPONIN
490,O=C8O[C@]9([H])[C@]7([H])[C@@]6([H])[C@@]([C@@]5(C...,911.1,9.0,16.0,0.0,135.0,HIGH_CONFIDENCE_SAPONIN
491,[H][C@]7%12/C6=C(\[H])C([H])([H])[C@]5([H])[C@@]4(...,1543.6,12.0,37.0,0.0,135.0,HIGH_CONFIDENCE_SAPONIN
492,[H][C@]7%12/C6=C(\[H])C([H])([H])[C@]5([H])[C@@]4(...,1585.7,12.0,38.0,0.0,135.0,HIGH_CONFIDENCE_SAPONIN
493,[H][C@]7%13/C6=C(\[H])C([H])([H])[C@]5([H])[C@@]4(...,1675.7,13.0,41.0,0.0,135.0,HIGH_CONFIDENCE_SAPONIN
494,[H][C@]7%13/C6=C(\[H])C([H])([H])[C@]5([H])[C@@]4(...,1717.8,13.0,42.0,0.0,135.0,HIGH_CONFIDENCE_SAPONIN
495,[H][C@]8%13/C7=C(\[H])C([H])([H])[C@]6([H])[C@@]5(...,1705.8,13.0,42.0,0.0,135.0,HIGH_CONFIDENCE_SAPONIN
496,[H][C@]7%12/C6=C(\[H])C([H])([H])[C@]5([H])[C@@]4(...,1585.7,12.0,38.0,0.0,135.0,HIGH_CONFIDENCE_SAPONIN
497,[H][C@]7%12/C6=C(\[H])C([H])([H])[C@]5([H])[C@@]4(...,1527.6,12.0,36.0,0.0,135.0,HIGH_CONFIDENCE_SAPONIN
498,[H][C@]7%12/C6=C(\[H])C([H])([H])[C@]5([H])[C@@]4(...,1569.7,12.0,37.0,0.0,135.0,HIGH_CONFIDENCE_SAPONIN
499,[H][C@]7%13/C6=C(\[H])C([H])([H])[C@]5([H])[C@@]4(...,1659.7,13.0,40.0,0.0,135.0,HIGH_CONFIDENCE_SAPONIN
500,[H][C@]7%13/C6=C(\[H])C([H])([H])[C@]5([H])[C@@]4(...,1701.8,13.0,41.0,0.0,135.0,HIGH_CONFIDENCE_SAPONIN
501,[H][C@]7%12/C6=C(\[H])C([H])([H])[C@]5([H])[C@@]4(...,1497.6,12.0,35.0,0.0,135.0,HIGH_CONFIDENCE_SAPONIN
502,[H][C@]6%11/C5=C(\[H])C([H])([H])[C@]4([H])[C@@]3(...,1449.5,11.0,33.0,0.0,135.0,HIGH_CONFIDENCE_SAPONIN
503,[H][C@]6%11/C5=C(\[H])C([H])([H])[C@]4([H])[C@@]3(...,1465.5,11.0,34.0,0.0,135.0,HIGH_CONFIDENCE_SAPONIN
504,[H][C@]45C([H])([H])[C@@]([H])(O[C@]2([H])O[C@@]([...,1081.2,10.0,24.0,0.0,150.0,HIGH_CONFIDENCE_SAPONIN
505,[H][C@]89/C7=C(\[H])C([H])([H])[C@]6([H])[C@@]5([C...,1263.4,9.0,28.0,0.0,135.0,HIGH_CONFIDENCE_SAPONIN
506,[H][C@]89/C7=C(\[H])C([H])([H])[C@]6([H])[C@@]5([C...,1233.4,9.0,27.0,0.0,135.0,HIGH_CONFIDENCE_SAPONIN
507,[H][C@]89/C7=C(\[H])C([H])([H])[C@]6([H])[C@@]5([C...,1249.4,9.0,27.0,0.0,135.0,HIGH_CONFIDENCE_SAPONIN
508,[H][C@]89/C7=C(\[H])C([H])([H])[C@]6([H])[C@@]5([C...,1263.4,9.0,28.0,0.0,135.0,HIGH_CONFIDENCE_SAPONIN
509,[H][C@]89/C7=C(\[H])C([H])([H])[C@]6([H])[C@@]5([C...,1233.4,9.0,27.0,0.0,135.0,HIGH_CONFIDENCE_SAPONIN
510,[H][C@]89/C7=C(\[H])C([H])([H])[C@]6([H])[C@@]5([C...,1249.4,9.0,27.0,0.0,135.0,HIGH_CONFIDENCE_SAPONIN
511,[H][C@]7%12/C6=C(\[H])C([H])([H])[C@]5([H])[C@@]4(...,1599.7,12.0,37.0,0.0,135.0,HIGH_CONFIDENCE_SAPONIN
512,[H][C@]7%12/C6=C(\[H])C([H])([H])[C@]5([H])[C@@]4(...,1732.9,12.0,40.0,1.0,125.0,HIGH_CONFIDENCE_SAPONIN
513,[H][C@]7%12/C6=C(\[H])C([H])([H])[C@]5([H])[C@@]4(...,1795.1,12.0,36.0,1.0,125.0,HIGH_CONFIDENCE_SAPONIN
514,[H][C@]7%13/C6=C(\[H])C([H])([H])[C@]5([H])[C@@]4(...,1701.8,13.0,40.0,0.0,135.0,HIGH_CONFIDENCE_SAPONIN
515,[H][C@]7%13/C6=C(\[H])C([H])([H])[C@]5([H])[C@@]4(...,1813.0,13.0,39.0,1.0,125.0,HIGH_CONFIDENCE_SAPONIN
516,[H][C@]7%13/C6=C(\[H])C([H])([H])[C@]5([H])[C@@]4(...,1835.0,13.0,43.0,1.0,125.0,HIGH_CONFIDENCE_SAPONIN
517,[H]C5([H])[C@]([H])(O[C@]4([H])O[C@@]([H])([C@]([H...,1035.2,10.0,22.0,0.0,150.0,HIGH_CONFIDENCE_SAPONIN
518,[H][C@]67/C5=C(\[H])C([H])([H])[C@]4([H])[C@@]3([C...,797.0,7.0,14.0,0.0,125.0,HIGH_CONFIDENCE_SAPONIN
519,[H][C@]67/C5=C(\[H])C([H])([H])[C@]4([H])[C@@]3([C...,813.0,7.0,15.0,0.0,135.0,HIGH_CONFIDENCE_SAPONIN
520,[H][C@]67/C5=C(\[H])C([H])([H])[C@]4([H])[C@@]3([C...,811.0,7.0,15.0,0.0,135.0,HIGH_CONFIDENCE_SAPONIN
521,[H][C@]67/C5=C(\[H])C([H])([H])[C@]4([H])[C@@]3([C...,811.0,7.0,15.0,0.0,135.0,HIGH_CONFIDENCE_SAPONIN
522,[H][C@]67/C5=C(\[H])C([H])([H])[C@]4([H])[C@@]3([C...,827.0,7.0,16.0,0.0,135.0,HIGH_CONFIDENCE_SAPONIN
523,[H][C@]67/C5=C(\[H])C([H])([H])[C@]4([H])[C@@]3([C...,825.0,7.0,15.0,0.0,135.0,HIGH_CONFIDENCE_SAPONIN
524,[H][C@]56/C4=C(\[H])C([H])([H])[C@]3([H])[C@@]2([C...,648.8,6.0,10.0,0.0,120.0,HIGH_CONFIDENCE_SAPONIN
525,[H][C@]7%13/C6=C(\[H])C([H])([H])[C@]5([H])[C@@]4(...,1692.8,13.0,38.0,1.0,125.0,HIGH_CONFIDENCE_SAPONIN
526,[H][C@]8%14/C7=C(\[H])C([H])([H])[C@]6([H])[C@@]5(...,1813.9,14.0,43.0,0.0,135.0,HIGH_CONFIDENCE_SAPONIN
527,[H][C@]56/C4=C(\[H])C([H])([H])[C@]3([H])[C@@]2([C...,632.8,6.0,9.0,0.0,120.0,HIGH_CONFIDENCE_SAPONIN
528,[H][C@]56/C4=C(\[H])C([H])([H])[C@]3([H])[C@@]2([C...,604.8,6.0,8.0,0.0,120.0,HIGH_CONFIDENCE_SAPONIN
529,[H][C@]67/C5=C(\[H])C([H])([H])[C@]4([H])[C@@]3([C...,767.0,7.0,13.0,0.0,125.0,HIGH_CONFIDENCE_SAPONIN
530,O=C(N([H])[H])[C@@]67C([H])([H])C([H])([H])[C@@]5(...,750.0,7.0,11.0,1.0,110.0,HIGH_CONFIDENCE_SAPONIN
531,O=C(N([H])[C@@]1([H])C([H])([H])C1([H])[H])[C@@]78...,790.0,8.0,11.0,1.0,110.0,HIGH_CONFIDENCE_SAPONIN
532,O=C(N([H])C([H])([H])C([H])([H])N(C([H])([H])C([H]...,849.2,7.0,11.0,2.0,110.0,HIGH_CONFIDENCE_SAPONIN
533,O=C(N([H])C([H])([H])C([H])([H])N1C([H])([H])C([H]...,847.1,8.0,11.0,2.0,110.0,HIGH_CONFIDENCE_SAPONIN
534,O=C(N([H])c1c(O[H])c([H])c([H])c([H])c1[H])[C@@]78...,842.1,8.0,12.0,1.0,125.0,HIGH_CONFIDENCE_SAPONIN
535,O=C(N1C([H])([H])C([H])([H])C([H])([H])[C@]1([H])C...,848.1,8.0,13.0,1.0,125.0,HIGH_CONFIDENCE_SAPONIN
536,O=C(N1C([H])([H])C([H])([H])N(C([H])([H])C1([H])[H...,891.2,8.0,13.0,2.0,115.0,HIGH_CONFIDENCE_SAPONIN
537,O=C(N([H])[C@]([H])(C(=O)O[H])C([H])([H])O[H])[C@@...,838.0,7.0,14.0,1.0,125.0,HIGH_CONFIDENCE_SAPONIN
538,O=C(N1C([H])([H])C([H])([H])N(C([H])([H])C1([H])[H...,905.2,8.0,13.0,2.0,115.0,HIGH_CONFIDENCE_SAPONIN
539,O=C(N([H])[C@]([H])(C(=O)OC([H])([H])[H])C([H])([H...,852.1,7.0,14.0,1.0,125.0,HIGH_CONFIDENCE_SAPONIN
540,O=C(OC([H])([H])[H])[C@@]67C([H])([H])C([H])([H])[...,765.0,7.0,12.0,0.0,125.0,HIGH_CONFIDENCE_SAPONIN
541,O=C(OC([H])([H])OC(=O)C([H])([H])[H])[C@@]67C([H])...,823.0,7.0,14.0,0.0,135.0,HIGH_CONFIDENCE_SAPONIN
542,O=C(N([H])C([H])([H])C(=O)O[H])[C@@]78C([H])([H])C...,984.1,8.0,19.0,1.0,125.0,HIGH_CONFIDENCE_SAPONIN
543,O=C(N1C([H])([H])C([H])([H])N(C([H])([H])C1([H])[H...,1067.3,9.0,19.0,2.0,115.0,HIGH_CONFIDENCE_SAPONIN
544,O=C(N([H])[C@]([H])(C(=O)O[H])C([H])([H])O[H])[C@@...,1014.2,8.0,20.0,1.0,125.0,HIGH_CONFIDENCE_SAPONIN
545,O=C(N([H])C([H])([H])C(=O)N([H])C([H])([H])C(=O)O[...,1041.2,8.0,20.0,2.0,115.0,HIGH_CONFIDENCE_SAPONIN
546,O=C(N([H])c1c([H])c([H])c(c([H])c1[H])C(=O)O[H])[C...,1046.2,9.0,19.0,1.0,125.0,HIGH_CONFIDENCE_SAPONIN
547,O=C(O[C@@]8([H])[C@]([H])(OC(=O)C(=C([H])C([H])([H...,1141.3,8.0,23.0,0.0,135.0,HIGH_CONFIDENCE_SAPONIN
548,O=C(O[C@@]5([H])[C@]([H])(OC(=O)C(=C([H])C([H])([H...,670.9,5.0,8.0,0.0,100.0,HIGH_CONFIDENCE_SAPONIN
549,O=C(O[C@@]8([H])[C@]([H])(OC(=O)C(=C([H])C([H])([H...,1141.4,8.0,22.0,0.0,135.0,HIGH_CONFIDENCE_SAPONIN
550,O=C(O[C@@]8([H])[C@]([H])(OC(=O)C([H])([H])[H])[C@...,1131.3,8.0,24.0,0.0,135.0,HIGH_CONFIDENCE_SAPONIN
551,[H][C@@]1(O[C@@]([H])([C@@]([H])(O[H])[C@]([H])(N(...,667.9,3.0,9.0,5.0,65.0,LIKELY_SAPONIN
552,O=C(N([H])C([H])([H])C([H])([H])C([H])([H])C([H])(...,470.7,0.0,4.0,4.0,-10.0,NOT_SAPONIN
553,O=C(N([H])[C@]([H])(C(=O)N([H])C([H])([H])C([H])([...,737.2,0.0,4.0,6.0,-10.0,NOT_SAPONIN
554,O=C(O[H])c1c([H])c(OC([H])([H])[H])c([H])c([H])c1[...,152.1,1.0,3.0,0.0,10.0,NOT_SAPONIN
555,O=C(O[H])c1c([H])c(OC([H])([H])C([H])([H])[H])c([H...,166.2,1.0,3.0,0.0,10.0,NOT_SAPONIN
556,[H]c1c([H])c(OC([H])([H])C([H])([H])[H])c([H])c(c1...,190.2,2.0,1.0,4.0,-30.0,NOT_SAPONIN
557,[H]c2c([H])c(Oc1c([H])c([H])c([H])c([H])c1[H])c([H...,238.2,3.0,1.0,4.0,-25.0,NOT_SAPONIN
558,[H]c1c([H])c(OC([H])([H])[H])c(OC([H])([H])[H])c(c...,206.2,2.0,2.0,4.0,-20.0,NOT_SAPONIN
559,[Cl]c1c([Cl])c([H])c([H])c(c1[H])c2nn([H])nn2,215.0,2.0,0.0,4.0,-30.0,NOT_SAPONIN
560,[H]c1c(O[H])c(OC([H])([H])[H])c([H])c(c1[H])c2nn([...,192.2,2.0,2.0,4.0,-20.0,NOT_SAPONIN
561,[H]c1c3c(c(c([H])c1[H])c2nn([H])nn2)c([H])c([H])c(...,196.2,3.0,0.0,4.0,-25.0,NOT_SAPONIN
562,O=C(O[H])C([H])=C([H])c2c([H])c(Oc1c([H])c([H])c([...,240.3,2.0,3.0,0.0,10.0,NOT_SAPONIN
563,[Cl]c1c([Cl])c([H])c([H])c(c1[H])C([H])=C([H])C(=O...,217.1,1.0,2.0,0.0,10.0,NOT_SAPONIN
564,O=C(O[H])C([H])=C([H])c1c(OC([H])([H])[H])c(OC([H]...,208.2,1.0,4.0,0.0,10.0,NOT_SAPONIN
565,O=C(N([H])C([H])([H])C([H])([H])c1c([H])c([H])c(O[...,279.4,1.0,3.0,1.0,0.0,NOT_SAPONIN
566,O=C(N([H])C([H])([H])C([H])([H])c1c([H])c([H])c(O[...,363.5,1.0,3.0,1.0,-10.0,NOT_SAPONIN
567,O=C(N([H])C([H])([H])C([H])([H])c1c([H])c([H])c(O[...,391.6,1.0,3.0,1.0,-10.0,NOT_SAPONIN
573,O=C(N1C(=O)C(C(=O)[C@]1([H])[C@@]([H])(C([H])([H])...,412.5,2.0,4.0,2.0,0.0,NOT_SAPONIN
574,O=C(N1C(=O)C(C(=O)[C@]1([H])[C@@]([H])(C([H])([H])...,418.6,2.0,4.0,2.0,0.0,NOT_SAPONIN
575,O=C(N1C(=O)C(C(=O)C1([H])[H])=C(O[H])C([H])([H])[H...,293.4,1.0,4.0,1.0,0.0,NOT_SAPONIN
576,O=C(N(C([H])([H])[C@@]1([H])O[C@]([H])(OC([H])([H]...,651.8,2.0,12.0,1.0,85.0,HIGH_CONFIDENCE_SAPONIN
577,O=C(N(C([H])([H])[C@@]1([H])O[C@]([H])(OC([H])([H]...,693.9,2.0,13.0,1.0,85.0,HIGH_CONFIDENCE_SAPONIN
578,O=C(N(C([H])([H])[C@@]1([H])O[C@]([H])(OC([H])([H]...,750.0,2.0,13.0,1.0,85.0,HIGH_CONFIDENCE_SAPONIN
579,[Cl]c2nc1c(c([H])c([H])c([H])c1c([H])c2C([H])([H])...,207.7,2.0,1.0,1.0,-10.0,NOT_SAPONIN
580,[Cl]c2nc1c([H])c(c([H])c([H])c1c([H])c2C([H])([H])...,207.7,2.0,1.0,1.0,-10.0,NOT_SAPONIN
581,[Cl]c2nc1c(OC([H])([H])[H])c([H])c([H])c([H])c1c([...,223.7,2.0,2.0,1.0,0.0,NOT_SAPONIN
582,[Cl]c2nc1c([H])c([H])c(OC([H])([H])[H])c([H])c1c([...,223.7,2.0,2.0,1.0,0.0,NOT_SAPONIN
583,O=c4n3c(c2nc1c([H])c([H])c([H])c([H])c1c([H])c2C3(...,348.4,5.0,4.0,2.0,20.0,UNLIKELY_SAPONIN
584,O=C(C([H])([H])c1c(c(O[H])c2c(c1O[H])C(=O)C(OC([H]...,290.3,2.0,6.0,0.0,20.0,UNLIKELY_SAPONIN
585,O=C3c1c(c(O[H])c2c(c1O[H])C([H])([H])[C@@](OC2([H]...,306.3,3.0,7.0,0.0,45.0,POSSIBLE_SAPONIN
586,O=C3c1c(c(O[H])c2c(c1O[H])C([H])([H])[C@@](OC2([H]...,320.3,3.0,7.0,0.0,40.0,POSSIBLE_SAPONIN
587,O=C(c1c([H])c(c(OC([H])([H])C([H])([H])N([H])[H])c...,727.0,3.0,4.0,8.0,-5.0,NOT_SAPONIN
588,O=C(OC([H])([H])[H])C([H])=C([H])[H],86.1,0.0,2.0,0.0,10.0,NOT_SAPONIN
589,O=C(OC([H])([H])C([H])([H])[H])C([H])=C([H])[H],100.1,0.0,2.0,0.0,10.0,NOT_SAPONIN
590,O=C(OC([H])([H])C([H])([H])C([H])([H])[H])C([H])=C...,114.1,0.0,2.0,0.0,10.0,NOT_SAPONIN
591,O=C(OC([H])(C([H])([H])[H])C([H])([H])[H])C([H])=C...,114.1,0.0,2.0,0.0,10.0,NOT_SAPONIN
592,O=C(OC([H])([H])C([H])([H])C([H])([H])C([H])([H])[...,128.2,0.0,2.0,0.0,10.0,NOT_SAPONIN
593,O=C(OC([H])([H])C([H])(C([H])([H])[H])C([H])([H])[...,128.2,0.0,2.0,0.0,10.0,NOT_SAPONIN
594,O=C(OC([H])([H])[H])C(=C([H])[H])C([H])([H])[H],100.1,0.0,2.0,0.0,10.0,NOT_SAPONIN
595,O=C(OC([H])([H])C([H])([H])[H])C(=C([H])[H])C([H])...,114.1,0.0,2.0,0.0,10.0,NOT_SAPONIN
596,O=C(OC([H])([H])C([H])([H])C([H])([H])[H])C(=C([H]...,128.2,0.0,2.0,0.0,10.0,NOT_SAPONIN
597,O=C(OC([H])(C([H])([H])[H])C([H])([H])[H])C(=C([H]...,128.2,0.0,2.0,0.0,10.0,NOT_SAPONIN
598,O=C(OC([H])([H])C([H])([H])C([H])([H])C([H])([H])[...,142.2,0.0,2.0,0.0,10.0,NOT_SAPONIN
599,O=C(OC([H])([H])C([H])([H])C([H])([H])C([H])([H])C...,229.4,0.0,2.0,1.0,0.0,NOT_SAPONIN
600,O=C(OC([H])([H])C([H])([H])C([H])([H])C([H])([H])C...,257.4,0.0,2.0,1.0,-10.0,NOT_SAPONIN
601,O=C(OC([H])([H])C([H])([H])C([H])([H])C([H])([H])C...,285.5,0.0,2.0,1.0,-10.0,NOT_SAPONIN
602,O=C(OC([H])([H])C([H])([H])C([H])([H])C([H])([H])C...,313.5,0.0,2.0,1.0,-10.0,NOT_SAPONIN
603,O=C(OC([H])([H])C([H])([H])C([H])([H])C([H])([H])C...,341.6,0.0,2.0,1.0,-10.0,NOT_SAPONIN
604,O=C(OC([H])([H])C([H])([H])C([H])([H])C([H])([H])C...,271.4,0.0,2.0,1.0,-10.0,NOT_SAPONIN
605,O=C(OC([H])([H])C([H])([H])C([H])([H])C([H])([H])C...,327.6,0.0,2.0,1.0,-10.0,NOT_SAPONIN
606,O=C(OC([H])([H])C([H])([H])C([H])([H])C([H])([H])C...,271.4,0.0,2.0,1.0,-10.0,NOT_SAPONIN
607,O=C(OC([H])([H])C([H])([H])C([H])([H])C([H])([H])C...,327.6,0.0,2.0,1.0,-10.0,NOT_SAPONIN
608,O=C(OC([H])([H])C([H])([H])[H])C([H])([H])c1nc([s]...,326.5,1.0,2.0,2.0,-20.0,NOT_SAPONIN
609,O=C2N([H])c1c([H])c([H])c([H])c([H])c1C2(c3c([H])n...,423.5,6.0,3.0,3.0,10.0,NOT_SAPONIN
610,O=C(O[C@]1([H])O[C@@]([H])([C@@]([H])(O[H])[C@]([H...,1191.4,10.0,25.0,0.0,135.0,HIGH_CONFIDENCE_SAPONIN
611,O=C(N([H])C([H])([H])[H])[C@@]67C([H])([H])C([H])(...,840.0,7.0,15.0,1.0,125.0,HIGH_CONFIDENCE_SAPONIN
612,O=C(N([H])C([H])([H])c1c([H])c(OC([H])([H])[H])c(O...,976.2,8.0,17.0,1.0,125.0,HIGH_CONFIDENCE_SAPONIN
613,O=C(N([H])[C@]([H])(C(=O)OC([H])([H])[H])C([H])([H...,972.2,7.0,17.0,1.0,125.0,HIGH_CONFIDENCE_SAPONIN
614,O=C(N([H])[C@]([H])(C(=O)OC([H])([H])[H])C([H])([H...,988.2,8.0,17.0,1.0,125.0,HIGH_CONFIDENCE_SAPONIN
615,[H][C@]7%12/C6=C(\[H])C([H])([H])[C@]5([H])[C@@]4(...,1626.8,12.0,36.0,1.0,125.0,HIGH_CONFIDENCE_SAPONIN
616,[H][C@]68/C5=C(\[H])C([H])([H])[C@]4([H])[C@@]3([C...,973.1,8.0,20.0,0.0,135.0,HIGH_CONFIDENCE_SAPONIN
617,[H][C@]57/C4=C(\[H])C([H])([H])[C@]3([H])[C@@]2([C...,795.0,7.0,14.0,0.0,125.0,HIGH_CONFIDENCE_SAPONIN
618,[H][C@]56/C4=C(\[H])C([H])([H])[C@]3([H])[C@@]2([C...,634.8,6.0,10.0,0.0,120.0,HIGH_CONFIDENCE_SAPONIN
619,O=C(N1C([H])([H])C([H])([H])OC([H])([H])C1([H])[H]...,820.1,8.0,12.0,1.0,125.0,HIGH_CONFIDENCE_SAPONIN
620,O=C(N([H])c1c([H])c([H])c(c([H])c1[H])C(=O)O[H])[C...,870.1,8.0,13.0,1.0,125.0,HIGH_CONFIDENCE_SAPONIN
621,O=C(N1C([H])([H])C([H])([H])C([H])([H])[C@]1([H])C...,862.1,8.0,13.0,1.0,125.0,HIGH_CONFIDENCE_SAPONIN
622,O=C(N1C([H])([H])C([H])([H])C([H])([H])[C@@]1([H])...,1024.2,9.0,19.0,1.0,125.0,HIGH_CONFIDENCE_SAPONIN
623,[H][C@]68/C5=C(\[H])C([H])([H])[C@]4([H])[C@@]3([C...,969.1,8.0,19.0,0.0,135.0,HIGH_CONFIDENCE_SAPONIN
