Index,SMILES,MW,Rings,Oxygen,Nitrogen,Hydroxyl,Chiral,Glycosidic,O/C_Ratio,Score,Classification,Description
0,O=C(c1c([H])c(c([H])c([H])c1[H])C(=O)N([H])c2c([S]C([H])([H]...,608.9,3,2,6,0,0,0,0.062,5,NOT_SAPONIN,Not a saponin
1,O=C(c1c([H])c(c(OC([H])([H])[H])c([H])c1OC([H])([H])[H])C(=O...,668.9,3,4,6,0,0,0,0.118,5,NOT_SAPONIN,Not a saponin
2,O=C(c1c([H])c(c([H])c(OC([H])([H])C([H])([H])N([H])[H])c1[H]...,667.9,3,3,7,0,0,0,0.088,5,NOT_SAPONIN,Not a saponin
3,O=C(N1C(=O)C(C(=O)[C@]1([H])[C@@]([H])(C([H])([H])C([H])([H]...,349.5,1,4,1,1,2,0,0.200,0,NOT_SAPONIN,Not a saponin
4,O=C(N1C(=O)C(C(=O)[C@]1([H])[C@@]([H])(C([H])([H])C([H])([H]...,363.5,1,4,1,1,2,0,0.190,0,NOT_SAPONIN,Not a saponin
5,O=C(N1C(=O)C(C(=O)[C@]1([H])[C@@]([H])(C([H])([H])C([H])([H]...,411.5,2,4,1,1,2,0,0.160,10,NOT_SAPONIN,Not a saponin
6,O=C(N1C(=O)C(C(=O)[C@]1([H])[C@@]([H])(C([H])([H])C([H])([H]...,518.7,2,6,2,1,2,0,0.207,25,UNLIKELY_SAPONIN,Probably not a saponin
7,O=C(N1C(=O)C(C(=O)[C@]1([H])[C@@]([H])(C([H])([H])C([H])([H]...,515.6,2,7,1,1,2,1,0.241,45,POSSIBLE_SAPONIN,Could be a saponin
8,O=C(N1C(=O)C(C(=O)[C@]1([H])[C@@]([H])(C([H])([H])C([H])([H]...,427.5,2,5,1,2,2,0,0.200,30,UNLIKELY_SAPONIN,Probably not a saponin
9,O=C(N1C(=O)C(C(=O)[C@]1([H])[C@@]([H])(C([H])([H])C([H])([H]...,429.5,2,4,1,1,2,0,0.160,10,NOT_SAPONIN,Not a saponin
10,O=C(N1C(=O)C(C(=O)[C@]1([H])C([H])([H])C([H])([H])C([H])([H]...,464.6,1,6,2,1,1,0,0.240,25,UNLIKELY_SAPONIN,Probably not a saponin
11,O=C(N1C(=O)C(C(=O)[C@]1([H])c2c([H])c([H])c(OC(C([H])([H])[H...,441.6,2,5,1,1,1,0,0.192,25,UNLIKELY_SAPONIN,Probably not a saponin
12,[H][C@@]1(O[C@@]([H])([C@@]([H])(O[H])[C@]([H])(N([H])[H])[C...,696.0,3,9,5,5,15,4,0.281,80,HIGH_CONFIDENCE_SAPONIN,Very likely a saponin
13,[H][C@@]1(O[C@@]([H])([C@@]([H])(O[H])[C@]([H])(N([H])[H])[C...,724.0,3,9,5,5,15,4,0.265,80,HIGH_CONFIDENCE_SAPONIN,Very likely a saponin
14,O=C(N([H])C([H])([H])C([H])([H])N(C(=O)C([H])([H])C([H])([H]...,1165.7,3,7,10,0,3,0,0.104,35,UNLIKELY_SAPONIN,Probably not a saponin
15,O=C2N([H])[C@@]([H])(C(=O)N1C([H])([H])C([H])([H])C([H])([H]...,1314.6,7,12,13,1,10,0,0.174,75,LIKELY_SAPONIN,Probably a saponin
16,O=C2N([H])[C@@]([H])(C(=O)N1C([H])([H])C([H])([H])C([H])([H]...,1270.5,6,13,13,1,10,0,0.197,75,LIKELY_SAPONIN,Probably a saponin
17,O=C2N([H])[C@@]([H])(C(=O)N1C([H])([H])C([H])([H])C([H])([H]...,1343.6,6,13,14,2,10,0,0.186,80,HIGH_CONFIDENCE_SAPONIN,Very likely a saponin
18,O=C2N([H])[C@@]([H])(C(=O)N1C([H])([H])C([H])([H])C([H])([H]...,1256.5,6,12,13,1,9,0,0.182,70,LIKELY_SAPONIN,Probably a saponin
19,O=C1/C(=C(/O[H])C(=O)C([H])=C1OC([H])([H])[H])C([H])([H])[C@...,358.5,3,4,0,1,4,0,0.182,15,NOT_SAPONIN,Not a saponin
20,O=C1/C(=C(/O[H])C(=O)C([H])=C1O[H])C([H])([H])[C@]3([C@@]2([...,344.5,3,4,0,2,4,0,0.190,20,UNLIKELY_SAPONIN,Probably not a saponin
21,O=C1/C(=C(/O[H])C(=O)C([H])=C1OC([H])([H])[H])C([H])([H])[C@...,358.5,3,4,0,1,4,0,0.182,15,NOT_SAPONIN,Not a saponin
22,O=C1/C(=C(/O[H])C(=O)C([H])=C1N([H])[H])C([H])([H])[C@]3([C@...,343.5,3,3,1,1,4,0,0.143,5,NOT_SAPONIN,Not a saponin
23,O=C1/C(=C(/O[H])C(=O)C([H])=C1N([H])C([H])([H])C([H])([H])C(...,413.6,3,3,1,1,4,0,0.115,15,NOT_SAPONIN,Not a saponin
24,O=C1C(=C(C(=O)C([H])=C1N([H])[H])N([H])[H])C([H])([H])[C@]3(...,342.5,3,2,2,0,4,0,0.095,0,NOT_SAPONIN,Not a saponin
25,O=C1/C(=C(/O[H])C(=O)C([H])=C1O[H])C([H])([H])[C@]2(C3=C(C([...,344.5,3,4,0,2,2,0,0.190,20,UNLIKELY_SAPONIN,Probably not a saponin
26,O=C1/C(=C(/O[H])C(=O)C([H])=C1OC([H])([H])[H])C([H])([H])[C@...,358.5,3,4,0,1,2,0,0.182,15,NOT_SAPONIN,Not a saponin
27,O=C1/C(=C(/OC([H])([H])[H])C(=O)C([H])=C1OC([H])([H])[H])C([...,372.5,3,4,0,0,2,0,0.174,15,NOT_SAPONIN,Not a saponin
28,O=C4C2=C(O[C@@]13[C@]([H])(C([H])([H])C([H])([H])[C@@]([H])(...,344.5,4,4,0,1,4,0,0.190,25,UNLIKELY_SAPONIN,Probably not a saponin
29,O=C4C2=C(O[C@@]13[C@]([H])(C([H])([H])C([H])([H])[C@@]([H])(...,358.5,4,4,0,0,4,0,0.182,25,UNLIKELY_SAPONIN,Probably not a saponin
30,O=C4C2=C(O[C@@]13[C@]([H])(C([H])([H])C([H])([H])[C@@]([H])(...,343.5,4,3,1,0,4,0,0.143,15,NOT_SAPONIN,Not a saponin
31,O=C(c1c([H])c(c([H])c(c1[H])C(C([H])([H])[H])(C([H])([H])[H]...,395.5,2,2,3,0,0,0,0.083,-15,NOT_SAPONIN,Not a saponin
32,O=C(c1c([H])c(c([H])c(c1[H])C(C([H])([H])[H])(C([H])([H])[H]...,409.6,2,2,3,0,0,0,0.080,-5,NOT_SAPONIN,Not a saponin
33,O=C(c1c([H])c(c([H])c(c1[H])C(C([H])([H])[H])(C([H])([H])[H]...,409.6,2,2,3,0,0,0,0.080,-5,NOT_SAPONIN,Not a saponin
34,O=C(c2c([H])c([H])c(C(=O)N([H])c1c([H])c(c([H])c(c1[H])C(C([...,395.5,2,2,3,0,0,0,0.083,-15,NOT_SAPONIN,Not a saponin
35,O=C(c2c([H])c([H])c(C(=O)N([H])c1c([H])c(c([H])c(c1[H])C(C([...,409.6,2,2,3,0,0,0,0.080,-5,NOT_SAPONIN,Not a saponin
36,O=C(c2c([H])c(N([H])C(=O)c1c([H])c(c([H])c(c1[H])C(C([H])([H...,395.5,2,2,3,0,0,0,0.083,-15,NOT_SAPONIN,Not a saponin
37,O=C(c2c([H])c(N([H])C(=O)c1c([H])c(c([H])c(c1[H])C(C([H])([H...,409.6,2,2,3,0,0,0,0.080,-5,NOT_SAPONIN,Not a saponin
38,O=C(c2c(N([H])C(=O)c1c([H])c(c([H])c(c1[H])C(C([H])([H])[H])...,395.5,2,2,3,0,0,0,0.083,-15,NOT_SAPONIN,Not a saponin
39,O=C(c2c(N([H])C(=O)c1c([H])c(c([H])c(c1[H])C(C([H])([H])[H])...,409.6,2,2,3,0,0,0,0.080,-5,NOT_SAPONIN,Not a saponin
40,O=C(c2c(N([H])C(=O)c1c([H])c(c([H])c(c1[H])C(C([H])([H])[H])...,445.6,3,2,3,0,0,0,0.071,5,NOT_SAPONIN,Not a saponin
41,[H]c1c(c([H])c([H])n(c1[H])C([H])([H])C([H])([H])C([H])([H])...,494.9,2,0,2,0,0,0,0.000,0,NOT_SAPONIN,Not a saponin
42,[H]c1c(c([H])c([H])n(c1[H])C([H])([H])C([H])([H])C([H])([H])...,551.0,2,0,2,0,0,0,0.000,0,NOT_SAPONIN,Not a saponin
43,[H]c1c(c([H])c([H])n(c1[H])C([H])([H])C([H])([H])C([H])([H])...,562.9,4,0,2,0,0,0,0.000,20,UNLIKELY_SAPONIN,Probably not a saponin
44,[H]c1c(c(c([H])n(c1[H])C([H])([H])C([H])([H])C([H])([H])C([H...,607.1,2,0,2,0,0,0,0.000,10,NOT_SAPONIN,Not a saponin
45,[H]c1c(c([H])c([H])n(c1[H])C([H])([H])C([H])([H])C([H])([H])...,579.0,2,0,2,0,0,0,0.000,0,NOT_SAPONIN,Not a saponin
46,[H]c1c(c(c([H])n(c1[H])C([H])([H])C([H])([H])C([H])([H])C([H...,607.1,2,0,2,0,0,0,0.000,10,NOT_SAPONIN,Not a saponin
47,O=C(N([H])C([H])([H])C([H])([H])c1c([H])c([H])c(O[H])c(O[H])...,335.5,1,3,1,2,0,0,0.150,0,NOT_SAPONIN,Not a saponin
48,O=C(N([H])C([H])([H])C([H])([H])c1c([H])c([H])c(O[H])c(O[H])...,417.6,1,3,1,2,0,0,0.115,10,NOT_SAPONIN,Not a saponin
49,[H]c1c(c([H])c([H])n(c1[H])C([H])([H])C([H])([H])C([H])([H])...,552.9,2,0,4,0,0,0,0.000,-10,NOT_SAPONIN,Not a saponin
50,[H]c2n(c([H])c([H])c(OC([H])([H])C([H])([H])C([H])([H])C([H]...,498.8,2,2,2,0,0,0,0.062,0,NOT_SAPONIN,Not a saponin
51,[H]c2n(c([H])c([H])c(OC([H])([H])C([H])([H])C([H])([H])C([H]...,554.9,2,2,2,0,0,0,0.056,0,NOT_SAPONIN,Not a saponin
52,[H]c2n(c([H])c([H])c(OC([H])([H])C([H])([H])C([H])([H])C([H]...,611.0,2,2,2,0,0,0,0.050,10,NOT_SAPONIN,Not a saponin
53,[H]c2n(c([H])c([H])c(OC([H])([H])C([H])([H])C([H])([H])C([H]...,667.1,2,2,2,0,0,0,0.045,10,NOT_SAPONIN,Not a saponin
54,[H]c1n(c([H])c([H])c(c1[H])C([H])([H])OC([H])([H])C([H])([H]...,583.0,2,2,2,0,0,0,0.053,0,NOT_SAPONIN,Not a saponin
55,[H]c1n(c([H])c([H])c(c1[H])C([H])([H])OC([H])([H])C([H])([H]...,639.1,2,2,2,0,0,0,0.048,10,NOT_SAPONIN,Not a saponin
56,[H]c1n(c([H])c([H])c(c1[H])C([H])([H])OC([H])([H])C([H])([H]...,695.2,2,2,2,0,0,0,0.043,10,NOT_SAPONIN,Not a saponin
57,[H]c1n(c([H])c([H])c(c1[H])C([H])([H])OC([H])([H])C([H])([H]...,751.3,2,2,2,0,0,0,0.040,10,NOT_SAPONIN,Not a saponin
58,[H]c1n(c([H])c(c([H])c1[H])C([H])([H])OC([H])([H])C([H])([H]...,526.8,2,2,2,0,0,0,0.059,0,NOT_SAPONIN,Not a saponin
59,[H]c1n(c([H])c(c([H])c1[H])C([H])([H])OC([H])([H])C([H])([H]...,583.0,2,2,2,0,0,0,0.053,0,NOT_SAPONIN,Not a saponin
60,[H]c1n(c([H])c(c([H])c1[H])C([H])([H])OC([H])([H])C([H])([H]...,554.9,2,2,2,0,0,0,0.056,0,NOT_SAPONIN,Not a saponin
61,O=C(N([H])C([H])([H])C([H])([H])C([H])([H])C([H])([H])C([H])...,393.6,1,1,4,0,1,0,0.043,-20,NOT_SAPONIN,Not a saponin
62,O=C(N([H])C([H])([H])C([H])([H])C([H])([H])C([H])([H])C([H])...,421.7,1,1,4,0,1,0,0.040,-10,NOT_SAPONIN,Not a saponin
63,O=C1N5[C@]([H])(C(=O)N([H])[C@]([H])(C(=O)N([H])[C@@]([H])(C...,1186.5,5,12,13,0,10,0,0.200,70,LIKELY_SAPONIN,Probably a saponin
64,O=C1N5[C@]([H])(C(=O)N([H])[C@]([H])(C(=O)N([H])[C@@]([H])(C...,1156.5,5,10,13,0,10,0,0.167,70,LIKELY_SAPONIN,Probably a saponin
65,O=C1N6[C@]([H])(C(=O)N([H])[C@]([H])(C(=O)N([H])[C@@]([H])(C...,1274.6,6,11,13,0,10,0,0.162,75,LIKELY_SAPONIN,Probably a saponin
66,O=C1N7[C@]([H])(C(=O)N([H])[C@]([H])(C(=O)N([H])[C@@]([H])(C...,1350.7,7,11,13,0,10,0,0.149,70,LIKELY_SAPONIN,Probably a saponin
67,O=C1N8[C@]([H])(C(=O)N([H])[C@]([H])(C(=O)N([H])[C@@]([H])(C...,1426.8,8,11,13,0,10,0,0.138,70,LIKELY_SAPONIN,Probably a saponin
68,O=C1N5[C@]([H])(C(=O)N([H])[C@]([H])(C(=O)N([H])[C@@]([H])(C...,1198.5,5,11,13,0,10,0,0.177,70,LIKELY_SAPONIN,Probably a saponin
69,O=C1N5[C@]([H])(C(=O)N([H])[C@]([H])(C(=O)N([H])[C@@]([H])(C...,1212.5,5,11,13,0,10,0,0.175,70,LIKELY_SAPONIN,Probably a saponin
70,O=C1N5[C@]([H])(C(=O)N([H])[C@]([H])(C(=O)N([H])[C@@]([H])(C...,1226.6,5,11,13,0,10,0,0.172,70,LIKELY_SAPONIN,Probably a saponin
71,O=C1N5[C@]([H])(C(=O)N([H])[C@]([H])(C(=O)N([H])[C@@]([H])(C...,1240.6,5,11,13,0,10,0,0.169,70,LIKELY_SAPONIN,Probably a saponin
72,O=C1N8[C@]([H])(C(=O)N([H])[C@]([H])(C(=O)N([H])[C@@]([H])(C...,1318.7,9,11,13,0,10,0,0.155,75,LIKELY_SAPONIN,Probably a saponin
73,O=C1N6[C@]([H])(C(=O)N([H])[C@]([H])(C(=O)N([H])[C@@]([H])(C...,1246.6,6,10,13,0,10,0,0.149,70,LIKELY_SAPONIN,Probably a saponin
74,O=C1N7[C@]([H])(C(=O)N([H])[C@]([H])(C(=O)N([H])[C@@]([H])(C...,1336.7,7,10,13,0,10,0,0.135,70,LIKELY_SAPONIN,Probably a saponin
75,[H][C@@]12C([H])([H])[C@]([H])(O[H])C([H])([H])C([H])([H])[C...,376.6,4,3,0,2,9,0,0.125,35,UNLIKELY_SAPONIN,Probably not a saponin
76,O=C(N([H])C([H])([H])C([H])([H])N([H])[H])[C@]([H])(OC([H])(...,458.7,0,4,4,0,2,0,0.167,-5,NOT_SAPONIN,Not a saponin
77,O=C(N([H])C([H])([H])C([H])([H])N([H])[H])[C@]([H])(OC([H])(...,514.8,0,4,4,0,2,0,0.143,-10,NOT_SAPONIN,Not a saponin
78,O=C(N([H])C([H])([H])C([H])([H])N([H])[H])[C@]([H])(OC(=O)C(...,542.8,0,6,4,0,2,0,0.214,15,NOT_SAPONIN,Not a saponin
79,O[S](=O)(=O)OC([H])([H])C([H])([H])C([H])([H])C([H])([H])C([...,266.4,0,4,0,1,0,0,0.333,10,NOT_SAPONIN,Not a saponin
80,O=C(N([H])[C@]([H])(C(O)O)C([H])([H])C([H])([H])C([H])([H])C...,512.8,0,4,2,2,1,0,0.133,5,NOT_SAPONIN,Not a saponin
81,O=C(OC([H])([H])[C@]([H])(O[H])C([H])([H])OC(=O)[C@@]([H])(N...,444.6,0,7,2,1,2,0,0.318,25,UNLIKELY_SAPONIN,Probably not a saponin
82,O=C(OC([H])([H])[C@@]1([H])O[C@]([H])([C@]([H])(OC(=O)C([H])...,676.8,2,13,0,4,10,2,0.382,100,HIGH_CONFIDENCE_SAPONIN,Very likely a saponin
83,O=C(O[C@](C([H])([H])C(=O)O[H])(C([H])([H])[H])C([H])([H])C(...,678.9,2,13,0,6,12,4,0.382,100,HIGH_CONFIDENCE_SAPONIN,Very likely a saponin
84,O=C(N([H])[C@@]([H])(C(=O)O[H])C([H])([H])[H])C([H])([H])C([...,299.5,0,3,1,1,1,0,0.176,0,NOT_SAPONIN,Not a saponin
85,O=C(N([H])[C@@]([H])(C(=O)O[H])C([H])([H])O[H])C([H])([H])C(...,315.5,0,4,1,2,1,0,0.235,10,NOT_SAPONIN,Not a saponin
86,O=C1N([H])C([H])([H])C([H])([H])C([H])([H])N(C(=O)[C@]([H])(...,590.9,1,3,4,0,3,0,0.086,-10,NOT_SAPONIN,Not a saponin
87,O=c1c3c(oc2c1c(O[H])c(c(OC([H])([H])C([H])([H])C([H])([H])N(...,636.9,3,6,2,1,0,0,0.158,40,POSSIBLE_SAPONIN,Could be a saponin
88,O=c1c3c(oc2c1c(O[H])c(c(OC([H])([H])C([H])([H])C([H])([H])C(...,664.9,3,6,2,1,0,0,0.150,35,UNLIKELY_SAPONIN,Probably not a saponin
89,O=c1c3c(oc2c1c(O[H])c(c(OC([H])([H])C([H])([H])C([H])([H])C(...,749.1,3,6,2,1,0,0,0.130,35,UNLIKELY_SAPONIN,Probably not a saponin
90,O=c1c3c(oc2c1c(O[H])c(c(OC([H])([H])[C@]([H])(O[H])C([H])([H...,642.8,3,8,4,3,2,0,0.235,40,POSSIBLE_SAPONIN,Could be a saponin
91,O=c1c3c(oc2c1c(O[H])c(c(OC([H])([H])[C@]([H])(O[H])C([H])([H...,815.1,3,8,8,3,2,0,0.190,40,POSSIBLE_SAPONIN,Could be a saponin
92,O=c1c3c(oc2c1c(O[H])c(c(OC([H])([H])[C@]([H])(O[H])C([H])([H...,668.9,3,8,2,3,2,0,0.211,50,POSSIBLE_SAPONIN,Could be a saponin
93,O=c1c3c(oc2c1c(O[H])c(c(OC([H])([H])[C@]([H])(O[H])C([H])([H...,764.9,3,14,2,9,2,0,0.368,70,LIKELY_SAPONIN,Probably a saponin
94,O=c1c3c(oc2c1c(O[H])c(c(OC([H])([H])C([H])([H])C([H])([H])C(...,669.0,3,6,2,1,0,0,0.150,35,UNLIKELY_SAPONIN,Probably not a saponin
95,O=c1c3c(oc2c1c(O[H])c(c(OC([H])([H])C([H])([H])C([H])([H])C(...,612.9,3,6,2,1,0,0,0.167,40,POSSIBLE_SAPONIN,Could be a saponin
96,O=C(N([H])C([H])([H])C([H])([H])C([H])([H])C([H])([H])[C@]([...,626.9,0,7,2,3,1,0,0.200,35,UNLIKELY_SAPONIN,Probably not a saponin
97,[H]c1c(O[H])c(O[H])c([H])c(c1[H])[C@](C([H])=C([H])[H])(C([H...,314.5,1,2,0,2,1,0,0.095,5,NOT_SAPONIN,Not a saponin
98,[H]N(c1c([H])c(nn1C([H])([H])[H])C([H])([H])[H])C([H])([H])C...,247.4,1,0,3,0,0,0,0.000,-15,NOT_SAPONIN,Not a saponin
99,O=C1N([H])[C@]([H])(C(=O)N([H])C([H])([H])C([H])([H])[C@@]([...,1096.3,5,10,13,0,8,0,0.179,65,LIKELY_SAPONIN,Probably a saponin
100,O=C(N([H])[C@]([H])(C(=O)O[H])C([H])([H])C([H])(C([H])([H])[...,1102.5,1,10,13,1,8,0,0.182,45,POSSIBLE_SAPONIN,Could be a saponin
101,O=C(N([H])[C@]([H])(C(=O)N([H])[C@]2(C([H])([H])C(=O)N([H])C...,556.8,2,3,4,0,1,0,0.091,-10,NOT_SAPONIN,Not a saponin
102,O=C(N([H])[C@]([H])(C(=O)N([H])[C@]2(C([H])([H])C(=O)N([H])C...,570.9,2,3,4,0,1,0,0.088,-10,NOT_SAPONIN,Not a saponin
103,O=C(N([H])[C@]([H])(C(=O)N([H])C([H])([H])[C@]2(C([H])([H])C...,584.9,2,3,4,0,1,0,0.086,-10,NOT_SAPONIN,Not a saponin
104,[H]C([H])(O[H])[C@]([H])(O[H])C([H])([H])[C@]([H])(O[H])C([H...,1375.7,3,25,0,22,30,0,0.352,115,HIGH_CONFIDENCE_SAPONIN,Very likely a saponin
105,[H][C@]1(O[C@]([H])([C@]([H])(O[H])[C@]([H])(O[H])C1([H])[H]...,1357.8,2,23,0,21,25,0,0.319,105,HIGH_CONFIDENCE_SAPONIN,Very likely a saponin
106,[H]C([H])(O[H])[C@]([H])(O[H])C([H])([H])C([H])=C([H])[C@@](...,1345.7,2,24,0,22,26,0,0.343,105,HIGH_CONFIDENCE_SAPONIN,Very likely a saponin
107,[H][C@]1(O[C@]([H])([C@]([H])(O[H])[C@]([H])(O[H])C1([H])[H]...,1209.5,2,23,0,18,23,0,0.390,105,HIGH_CONFIDENCE_SAPONIN,Very likely a saponin
108,[H][C@]1(O[C@]([H])([C@]([H])(O[H])[C@]([H])(O[H])C1([H])[H]...,1129.4,2,20,0,18,23,0,0.339,105,HIGH_CONFIDENCE_SAPONIN,Very likely a saponin
109,O=C(N([H])C([H])([H])C([H])([H])N([H])[H])C(C([H])([H])N([H]...,423.6,2,1,3,0,0,0,0.037,-5,NOT_SAPONIN,Not a saponin
110,O=C(O[H])C([H])([H])C([H])([H])C([H])([H])C([H])([H])C([H])=...,276.4,0,2,0,1,0,0,0.111,0,NOT_SAPONIN,Not a saponin
111,[F]C([F])([F])c3c([H])c([H])c2[S]c1c([H])c([H])c([H])c([H])c...,407.5,4,0,3,0,0,0,0.000,15,NOT_SAPONIN,Not a saponin
112,O=C(N([H])c2c1c([H])c([H])c([H])c([H])c1c3c(c2[H])c4c(c([H])...,425.5,5,2,3,0,0,0,0.074,15,NOT_SAPONIN,Not a saponin
113,[H]c2c([H])c([S]C([H])([H])C([H])([H])C([H])([H])C([H])([H])...,502.9,2,0,2,0,0,0,0.000,0,NOT_SAPONIN,Not a saponin
114,[H]c2c([H])c([S]C([H])([H])C([H])([H])C([H])([H])C([H])([H])...,559.0,2,0,2,0,0,0,0.000,0,NOT_SAPONIN,Not a saponin
115,[H]c2c([H])c([S]C([H])([H])C([H])([H])C([H])([H])C([H])([H])...,615.1,2,0,2,0,0,0,0.000,10,NOT_SAPONIN,Not a saponin
116,[H]c1c([H])c(c([H])c([H])n1C([H])([H])C([H])([H])C([H])([H])...,559.0,2,0,2,0,0,0,0.000,0,NOT_SAPONIN,Not a saponin
117,[H]c1c([H])c(c([H])c([H])n1C([H])([H])C([H])([H])C([H])([H])...,615.1,2,0,2,0,0,0,0.000,10,NOT_SAPONIN,Not a saponin
118,[H]c1c([H])c(c([H])c([H])n1C([H])([H])C([H])([H])C([H])([H])...,502.9,2,0,2,0,0,0,0.000,0,NOT_SAPONIN,Not a saponin
119,[H]c1c([H])c(c([H])c([H])n1C([H])([H])C([H])([H])C([H])([H])...,559.0,2,0,2,0,0,0,0.000,0,NOT_SAPONIN,Not a saponin
120,[H]c1c([H])c(c([H])c([H])n1C([H])([H])C([H])([H])C([H])([H])...,615.1,2,0,2,0,0,0,0.000,10,NOT_SAPONIN,Not a saponin
121,[F]C([F])(C([F])([F])C([F])([F])C([F])([F])C([F])([F])C([F])...,499.1,0,2,1,0,0,0,0.250,15,NOT_SAPONIN,Not a saponin
122,O=C1N([H])[C@@]([H])(C(=O)N([H])[C@@]([H])(C(=O)N([H])[C@]([...,1057.2,3,14,12,2,9,0,0.286,65,LIKELY_SAPONIN,Probably a saponin
123,O=C(O[C@@]1([H])C([H])([H])C([H])([H])[C@]2([C@@]([H])(C1(C(...,681.1,6,3,4,0,10,0,0.071,40,POSSIBLE_SAPONIN,Could be a saponin
124,O=C(N(C([H])([H])[H])C([H])([H])C([H])([H])C([H])([H])C([H])...,377.5,0,6,1,5,4,0,0.316,35,UNLIKELY_SAPONIN,Probably not a saponin
125,O=C(N(C([H])([H])[H])C([H])([H])C([H])([H])C([H])([H])C([H])...,405.6,0,6,1,5,4,0,0.286,45,POSSIBLE_SAPONIN,Could be a saponin
126,O=C(N(C([H])([H])[H])C([H])([H])C([H])([H])C([H])([H])C([H])...,433.6,0,6,1,5,4,0,0.261,45,POSSIBLE_SAPONIN,Could be a saponin
127,O=C(N(C([H])([H])[H])C([H])([H])C([H])([H])C([H])([H])C([H])...,461.7,0,6,1,5,4,0,0.240,45,POSSIBLE_SAPONIN,Could be a saponin
128,O=C(N(C([H])([H])[H])C([H])([H])C([H])([H])C([H])([H])C([H])...,567.7,1,11,1,8,9,2,0.407,85,HIGH_CONFIDENCE_SAPONIN,Very likely a saponin
129,O=C(N(C([H])([H])[H])C([H])([H])C([H])([H])C([H])([H])C([H])...,595.8,1,11,1,8,9,2,0.379,85,HIGH_CONFIDENCE_SAPONIN,Very likely a saponin
130,O=C(N(C([H])([H])[H])C([H])([H])C([H])([H])C([H])([H])C([H])...,623.8,1,11,1,8,9,2,0.355,95,HIGH_CONFIDENCE_SAPONIN,Very likely a saponin
131,O=C(N(C([H])([H])[C@]([H])(O[H])[C@@]([H])(O[H])[C@]([H])(O[...,567.7,1,11,1,8,9,2,0.407,85,HIGH_CONFIDENCE_SAPONIN,Very likely a saponin
132,O=C(N(C([H])([H])[C@]([H])(O[H])[C@@]([H])(O[H])[C@]([H])(O[...,595.8,1,11,1,8,9,2,0.379,85,HIGH_CONFIDENCE_SAPONIN,Very likely a saponin
133,O=C(N(C([H])([H])[C@]([H])(O[H])[C@@]([H])(O[H])[C@]([H])(O[...,623.8,1,11,1,8,9,2,0.355,95,HIGH_CONFIDENCE_SAPONIN,Very likely a saponin
134,O=C(N([H])C([H])([H])C([H])([H])C([H])([H])N(C([H])([H])C([H...,655.8,0,12,3,10,8,0,0.400,65,LIKELY_SAPONIN,Probably a saponin
135,O=C(N([H])C([H])([H])C([H])([H])C([H])([H])N(C([H])([H])C([H...,980.1,2,22,3,16,18,4,0.524,105,HIGH_CONFIDENCE_SAPONIN,Very likely a saponin
136,O=C(c1c([H])c([H])n(c([H])c1[H])C([H])([H])C([H])([H])C([H])...,637.0,2,2,4,0,0,0,0.050,0,NOT_SAPONIN,Not a saponin
137,O=C(c1c([H])c([H])n(c([H])c1[H])C([H])([H])C([H])([H])C([H])...,609.0,2,2,4,0,0,0,0.053,0,NOT_SAPONIN,Not a saponin
138,O=C(N([H])c1c([H])c([H])n(c([H])c1[H])C([H])([H])C([H])([H])...,580.9,2,2,4,0,0,0,0.056,-10,NOT_SAPONIN,Not a saponin
139,O=C(N([H])c1c([H])c([H])n(c([H])c1[H])C([H])([H])C([H])([H])...,637.0,2,2,4,0,0,0,0.050,0,NOT_SAPONIN,Not a saponin
140,O=C(N([H])c1c([H])c([H])n(c([H])c1[H])C([H])([H])C([H])([H])...,657.0,3,2,4,0,0,0,0.048,10,NOT_SAPONIN,Not a saponin
141,O=C(OC([H])([H])C([H])([H])C([H])([H])C([H])([H])C([H])([H])...,667.0,2,4,2,0,0,0,0.095,10,NOT_SAPONIN,Not a saponin
142,[H]c2n(c([H])c([H])c([S]C([H])([H])C([H])([H])C([H])([H])C([...,530.9,2,0,2,0,0,0,0.000,0,NOT_SAPONIN,Not a saponin
143,O=[S](=O)(O)OC([H])([H])C([H])([H])C([H])([H])C([H])([H])C([...,294.5,0,4,0,1,0,0,0.286,10,NOT_SAPONIN,Not a saponin
144,O=[S](=O)(O)OC([H])([H])C([H])([H])C([H])([H])C([H])([H])C([...,322.5,0,4,0,1,0,0,0.250,10,NOT_SAPONIN,Not a saponin
145,O=[S](=O)(O)OC([H])([H])C([H])([H])C([H])([H])C([H])([H])C([...,350.6,0,4,0,1,0,0,0.222,10,NOT_SAPONIN,Not a saponin
146,O=C(N([H])[C@]([H])(C(=O)N([H])[C@]([H])(C(=O)N([H])[C@]([H]...,755.0,2,8,6,3,4,0,0.200,20,UNLIKELY_SAPONIN,Probably not a saponin
147,[H]C1([H])N(C([H])([H])C([H])([H])N([H])C1([H])[H])C([H])([H...,254.5,1,0,2,0,0,0,0.000,-10,NOT_SAPONIN,Not a saponin
148,O=C(O[C@]1([H])[C@@]([H])(O[H])[C@]([H])(O[H])[C@]([H])(O[C@...,863.0,2,17,0,5,10,4,0.395,115,HIGH_CONFIDENCE_SAPONIN,Very likely a saponin
149,O=C1N(C(=O)N(C1([H])[H])C([H])([H])[C@@]([H])(N([H])C(=O)C([...,452.7,1,3,4,0,1,0,0.120,-10,NOT_SAPONIN,Not a saponin
150,O=C1N(C(=O)N(C1([H])[H])C([H])([H])[C@@]([H])(N([H])C(=O)C([...,452.7,1,3,4,0,1,0,0.120,-10,NOT_SAPONIN,Not a saponin
151,O=C1N(C(=O)N(C1([H])[H])C([H])([H])[C@@]([H])(N([H])C(=O)C([...,507.1,2,3,4,0,1,0,0.111,-10,NOT_SAPONIN,Not a saponin
152,O=C(N([H])c1c([H])c([H])c(c([H])c1[H])C([H])([H])C([H])([H])...,706.8,4,11,6,4,10,2,0.333,95,HIGH_CONFIDENCE_SAPONIN,Very likely a saponin
153,O=c1n([H])c(=O)n(c([H])c1[H])[C@]4([H])O[C@]([H])([C@]([H])(...,830.9,4,16,4,8,15,4,0.421,120,HIGH_CONFIDENCE_SAPONIN,Very likely a saponin
154,O=c1c3c(oc2c1c(c(OC([H])([H])[H])c(O[H])c2[H])C([H])([H])C([...,410.5,3,6,0,3,0,0,0.250,50,POSSIBLE_SAPONIN,Could be a saponin
155,O=c1c3c(oc2c1c(O[H])c(c(OC([H])([H])[C@@]([H])(O[H])C([H])([...,612.8,3,8,2,3,2,0,0.235,50,POSSIBLE_SAPONIN,Could be a saponin
156,O=c1c3c(oc2c1c(O[H])c(c(OC([H])([H])[C@@]([H])(O[H])C([H])([...,668.9,3,8,2,3,2,0,0.211,50,POSSIBLE_SAPONIN,Could be a saponin
157,O=c1c3c(oc2c1c(O[H])c(c(OC([H])([H])[C@@]([H])(O[H])C([H])([...,696.9,3,8,2,3,2,0,0.200,45,POSSIBLE_SAPONIN,Could be a saponin
158,O=c1c3c(oc2c1c(O[H])c(c(OC([H])([H])[C@@]([H])(O[H])C([H])([...,640.8,3,8,2,3,2,0,0.222,50,POSSIBLE_SAPONIN,Could be a saponin
159,O=c1c3c(oc2c1c(O[H])c(c(OC([H])([H])[C@@]([H])(O[H])C([H])([...,764.9,3,14,2,9,2,0,0.368,70,LIKELY_SAPONIN,Probably a saponin
160,O=C4O[C@@]([H])(C([H])([H])C([H])=C([H])C([H])=C([H])C([H])=...,665.7,4,13,1,6,14,3,0.394,115,HIGH_CONFIDENCE_SAPONIN,Very likely a saponin
161,O=c1c5c(oc3c1c(O[H])c(c(OC([H])([H])[C@@]([H])(O[H])C([H])([...,664.8,5,8,2,3,2,0,0.211,60,LIKELY_SAPONIN,Probably a saponin
162,O=c1c5c(oc3c1c(O[H])c(c(OC([H])([H])[C@@]([H])(O[H])C([H])([...,692.9,5,8,2,3,2,0,0.200,55,POSSIBLE_SAPONIN,Could be a saponin
163,O=c1c5c(oc3c1c(O[H])c(c(OC([H])([H])[C@@]([H])(O[H])C([H])([...,694.9,5,8,4,3,2,0,0.211,50,POSSIBLE_SAPONIN,Could be a saponin
164,O=c1c3c(oc2c1c(O[H])c(c(OC([H])([H])[C@@]([H])(O[H])C([H])([...,556.7,3,8,2,3,2,0,0.267,40,POSSIBLE_SAPONIN,Could be a saponin
165,O=c1c3c(oc2c1c(O[H])c(c(OC([H])([H])[C@@]([H])(O[H])C([H])([...,642.8,3,8,4,3,2,0,0.235,40,POSSIBLE_SAPONIN,Could be a saponin
166,O=C2O[C@]([H])([C@@]([H])([C@]([H])(O[H])[C@]([H])(C([H])=C(...,1871.5,11,23,5,14,39,3,0.219,125,HIGH_CONFIDENCE_SAPONIN,Very likely a saponin
167,O=C2O[C@]([H])([C@@]([H])([C@]([H])(O[H])[C@]([H])(C([H])=C(...,1885.6,11,23,5,14,39,3,0.217,125,HIGH_CONFIDENCE_SAPONIN,Very likely a saponin
168,O=C(N([H])C([H])([H])C([H])([H])C([H])([H])C([H])([H])N(C(=O...,1913.6,11,23,5,14,39,3,0.213,125,HIGH_CONFIDENCE_SAPONIN,Very likely a saponin
169,O=C(N([H])C([H])([H])C([H])([H])C([H])([H])C([H])([H])N(C(=O...,1941.7,11,23,5,14,39,3,0.209,125,HIGH_CONFIDENCE_SAPONIN,Very likely a saponin
170,O=C(N([H])C([H])([H])C([H])([H])C([H])([H])C([H])([H])N(C(=O...,1917.6,11,25,5,16,41,3,0.236,125,HIGH_CONFIDENCE_SAPONIN,Very likely a saponin
171,O=C(N([H])C([H])([H])C([H])([H])C([H])([H])C([H])([H])N(C(=O...,1973.7,11,25,5,16,41,3,0.227,125,HIGH_CONFIDENCE_SAPONIN,Very likely a saponin
172,O=C2O[C@]([H])([C@@]([H])([C@]([H])(O[H])[C@]([H])(C([H])=C(...,924.1,3,17,1,11,19,3,0.362,125,HIGH_CONFIDENCE_SAPONIN,Very likely a saponin
173,O=C2O[C@]([H])([C@@]([H])([C@]([H])(O[H])[C@]([H])(C([H])=C(...,1871.5,11,23,5,14,39,3,0.219,125,HIGH_CONFIDENCE_SAPONIN,Very likely a saponin
174,O=C2O[C@]([H])([C@@]([H])([C@]([H])(O[H])[C@]([H])(C([H])=C(...,1885.6,11,23,5,14,39,3,0.217,125,HIGH_CONFIDENCE_SAPONIN,Very likely a saponin
175,O=C(N([H])C([H])([H])C([H])([H])C([H])([H])C([H])([H])N(C(=O...,1913.6,11,23,5,14,39,3,0.213,125,HIGH_CONFIDENCE_SAPONIN,Very likely a saponin
176,O=C(N([H])C([H])([H])C([H])([H])C([H])([H])C([H])([H])N(C(=O...,1941.7,11,23,5,14,39,3,0.209,125,HIGH_CONFIDENCE_SAPONIN,Very likely a saponin
177,O=C(N([H])C([H])([H])C([H])([H])C([H])([H])C([H])([H])N(C(=O...,1917.6,11,25,5,16,41,3,0.236,125,HIGH_CONFIDENCE_SAPONIN,Very likely a saponin
178,[H]C1([H])[C@]([H])(O[H])[C@]([H])(O[H])[C@]2([H])[C@](C1([H...,468.7,4,6,0,6,13,0,0.222,85,HIGH_CONFIDENCE_SAPONIN,Very likely a saponin
179,[H]C1([H])[C@]([H])(O[H])[C@]([H])(O[H])[C@]2([H])[C@](C1([H...,484.7,4,7,0,7,13,0,0.259,85,HIGH_CONFIDENCE_SAPONIN,Very likely a saponin
180,[H]C2([H])[C@]([H])(O[C@]1([H])OC([H])([H])[C@@]([H])(O[H])[...,638.8,5,10,0,6,17,2,0.286,120,HIGH_CONFIDENCE_SAPONIN,Very likely a saponin
181,[H]C2([H])[C@]([H])(O[C@]1([H])OC([H])([H])[C@@]([H])(O[H])[...,624.8,5,10,0,6,16,2,0.294,120,HIGH_CONFIDENCE_SAPONIN,Very likely a saponin
182,[H]C2([H])[C@]([H])(O[C@]1([H])OC([H])([H])[C@@]([H])(OC([H]...,761.0,6,14,0,8,21,4,0.359,130,HIGH_CONFIDENCE_SAPONIN,Very likely a saponin
183,[H]C2([H])c1c(c(c(c(n1C([H])([H])C2([H])[H])C([H])([H])[H])C...,424.7,2,0,1,0,0,0,0.000,5,NOT_SAPONIN,Not a saponin
184,O=C(N([H])C([H])([H])C([H])([H])C([H])([H])N([H])C([H])([H])...,766.2,0,4,7,0,2,0,0.093,-5,NOT_SAPONIN,Not a saponin
185,O=C(N([H])C([H])([H])C([H])([H])C([H])([H])C([H])([H])C([H])...,737.2,0,4,6,0,2,0,0.095,-5,NOT_SAPONIN,Not a saponin
186,[H]c1c(c([H])c2c(c1[H])C([H])([H])C([H])([H])[C@]2([H])C([H]...,279.4,3,0,1,0,1,0,0.000,5,NOT_SAPONIN,Not a saponin
187,[H]c1c(c([H])c2c(c1[H])C([H])([H])C([H])([H])[C@]2([H])C([H]...,279.4,3,0,1,0,1,0,0.000,5,NOT_SAPONIN,Not a saponin
188,[H]c1c(c([H])c2c(c1[H])C([H])([H])C([H])([H])C2(C([H])([H])c...,369.6,4,0,1,0,0,0,0.000,15,NOT_SAPONIN,Not a saponin
189,[H]c1c([H])c([H])c([H])c([H])c1/C(=C(/c2c([H])c([H])c([H])c(...,371.5,3,1,1,0,0,0,0.038,5,NOT_SAPONIN,Not a saponin
190,O=C1N([H])[C@]([H])(C(=O)N([H])[C@@]([H])(C(=O)N([H])[C@]([H...,1087.3,7,10,12,2,8,0,0.175,75,LIKELY_SAPONIN,Probably a saponin
191,O=C1N([H])[C@]([H])(C(=O)N([H])[C@@]([H])(C(=O)N([H])[C@]([H...,1110.3,8,10,13,2,9,0,0.172,75,LIKELY_SAPONIN,Probably a saponin
192,O=C1N([H])[C@]([H])(C(=O)N([H])[C@@]([H])(C(=O)N([H])[C@]([H...,1169.4,7,9,14,0,8,0,0.145,60,LIKELY_SAPONIN,Probably a saponin
193,O=C1N([H])[C@]([H])(C(=O)N([H])[C@@]([H])(C(=O)N([H])[C@]([H...,1128.4,7,9,13,1,8,0,0.150,60,LIKELY_SAPONIN,Probably a saponin
194,O=C1N([H])[C@]([H])(C(=O)N([H])[C@@]([H])(C(=O)N([H])[C@]([H...,1137.4,8,9,14,1,8,0,0.150,60,LIKELY_SAPONIN,Probably a saponin
195,O=C1N([H])[C@]([H])(C(=O)N([H])[C@]([H])(C(=O)N([H])[C@]([H]...,1137.4,8,9,14,1,8,0,0.150,60,LIKELY_SAPONIN,Probably a saponin
196,O=C1N([H])[C@]([H])(C(=O)N([H])[C@@]([H])(C(=O)N([H])[C@]([H...,1146.3,9,9,15,1,8,0,0.150,60,LIKELY_SAPONIN,Probably a saponin
197,O=C1N([H])[C@]([H])(C(=O)N([H])[C@@]([H])(C(=O)N([H])[C@]([H...,1169.5,7,8,14,0,8,0,0.127,60,LIKELY_SAPONIN,Probably a saponin
198,O=C1N([H])[C@]([H])(C(=O)N([H])[C@@]([H])(C(=O)N([H])[C@]([H...,1187.4,9,8,16,0,8,0,0.127,60,LIKELY_SAPONIN,Probably a saponin
199,O=C1N([H])[C@]([H])(C(=O)N([H])[C@@]([H])(C(=O)N([H])[C@]([H...,1178.5,8,8,15,0,8,0,0.127,60,LIKELY_SAPONIN,Probably a saponin
200,O=C(N([H])[C@]([H])(C(=O)N([H])[C@@]([H])(C(=O)N([H])[C@]([H...,1187.5,6,9,14,1,8,0,0.143,60,LIKELY_SAPONIN,Probably a saponin
201,O=C(N([H])[C@]([H])(C(=O)N([H])[C@@]([H])(C(=O)N([H])[C@]([H...,1186.5,6,8,15,0,8,0,0.127,60,LIKELY_SAPONIN,Probably a saponin
202,O=C(N([H])[C@]([H])(C(=O)N([H])[C@@]([H])(C(=O)N([H])[C@]([H...,1228.6,6,9,15,0,8,0,0.138,60,LIKELY_SAPONIN,Probably a saponin
203,O=C1N([H])[C@]([H])(C(=O)N([H])[C@@]([H])(C(=O)N([H])[C@]([H...,855.1,5,6,10,0,6,0,0.130,50,POSSIBLE_SAPONIN,Could be a saponin
204,O=C1N([H])[C@]([H])(C(=O)N([H])[C@@]([H])(C(=O)N([H])[C@]([H...,864.1,6,6,11,0,6,0,0.130,55,POSSIBLE_SAPONIN,Could be a saponin
205,O=C1N([H])[C@]([H])(C(=O)N([H])[C@@]([H])(C(=O)N([H])[C@]([H...,814.0,5,7,9,1,6,0,0.163,55,POSSIBLE_SAPONIN,Could be a saponin
206,O=C(N([H])C([H])([H])C([H])([H])C([H])([H])N([H])C([H])([H])...,588.0,4,2,3,0,9,0,0.054,25,UNLIKELY_SAPONIN,Probably not a saponin
207,O=C(N([H])C([H])([H])C([H])([H])C([H])([H])N([H])C([H])([H])...,645.1,4,2,4,0,9,0,0.050,30,UNLIKELY_SAPONIN,Probably not a saponin
208,O=C(O[C@]1([H])C([H])([H])C([H])([H])[C@]2([C@@]([H])(C1([H]...,545.9,4,3,3,0,9,0,0.091,25,UNLIKELY_SAPONIN,Probably not a saponin
209,O=C(N([H])C([H])([H])C([H])([H])C([H])([H])N([H])C([H])([H])...,545.9,4,2,3,0,9,0,0.059,25,UNLIKELY_SAPONIN,Probably not a saponin
210,O=C1N([H])N(C([H])([H])C(=O)N([H])[C@]([H])(C(=O)N([H])N(C([...,974.3,5,6,11,0,3,0,0.111,40,POSSIBLE_SAPONIN,Could be a saponin
211,O=C1N([H])N(C([H])([H])C(=O)N([H])[C@]([H])(C(=O)N([H])N(C([...,1012.4,5,6,13,0,3,0,0.111,45,POSSIBLE_SAPONIN,Could be a saponin
212,O=C1N([H])N(C([H])([H])C(=O)N([H])[C@]([H])(C(=O)N([H])N(C([...,1063.4,6,6,12,0,3,0,0.102,50,POSSIBLE_SAPONIN,Could be a saponin
213,O=C1N([H])[C@]([H])(C(=O)N([H])[C@]([H])(C(=O)N([H])C([H])([...,1301.6,7,10,14,0,8,0,0.141,65,LIKELY_SAPONIN,Probably a saponin
214,O=C1N([H])[C@]([H])(C(=O)N([H])[C@]([H])(C(=O)N([H])[C@]([H]...,1357.7,7,10,14,0,8,0,0.133,65,LIKELY_SAPONIN,Probably a saponin
215,O=C1N([H])[C@]([H])(C(=O)N([H])[C@]([H])(C(=O)N([H])[C@]([H]...,1385.8,7,10,14,0,8,0,0.130,65,LIKELY_SAPONIN,Probably a saponin
216,O=C1N([H])[C@]([H])(C(=O)N([H])[C@]([H])(C(=O)N([H])[C@]([H]...,1413.8,7,10,14,0,8,0,0.127,65,LIKELY_SAPONIN,Probably a saponin
217,O=C1N([H])[C@]([H])(C(=O)N([H])[C@]([H])(C(=O)N([H])[C@]([H]...,1329.7,7,10,14,0,8,0,0.137,65,LIKELY_SAPONIN,Probably a saponin
218,O=C2N([H])[C@]([H])(C(=O)N1C([H])([H])C([H])([H])C([H])([H])...,994.3,4,9,11,0,9,0,0.176,55,POSSIBLE_SAPONIN,Could be a saponin
219,O=C2N([H])C(C(=O)N1C([H])([H])C([H])([H])C([H])([H])[C@@]1([...,1137.4,5,10,12,0,8,0,0.167,65,LIKELY_SAPONIN,Probably a saponin
220,O=C2N([H])C(C(=O)N1C([H])([H])C([H])([H])C([H])([H])[C@@]1([...,1138.4,5,10,13,0,8,0,0.169,65,LIKELY_SAPONIN,Probably a saponin
221,O=C2N([H])[C@]([H])(C(=O)N1C([H])([H])C([H])([H])C([H])([H])...,1010.3,4,10,11,1,9,0,0.196,65,LIKELY_SAPONIN,Probably a saponin
222,O=C2N([H])[C@@]([H])(C(=O)N1C([H])([H])C([H])([H])C([H])([H]...,1228.4,6,13,13,1,10,0,0.206,80,HIGH_CONFIDENCE_SAPONIN,Very likely a saponin
223,O=C2N([H])[C@@]([H])(C(=O)N1C([H])([H])C([H])([H])C([H])([H]...,1227.4,6,13,12,1,10,0,0.203,80,HIGH_CONFIDENCE_SAPONIN,Very likely a saponin
224,O=C2N([H])[C@@]([H])(C(=O)N1C([H])([H])C([H])([H])C([H])([H]...,1242.4,6,13,13,1,10,0,0.203,80,HIGH_CONFIDENCE_SAPONIN,Very likely a saponin
225,O=C2N([H])[C@@]([H])(C(=O)N1C([H])([H])C([H])([H])C([H])([H]...,1178.4,5,12,13,0,10,0,0.200,70,LIKELY_SAPONIN,Probably a saponin
226,O=C2N([H])[C@@]([H])(C(=O)N1C([H])([H])C([H])([H])C([H])([H]...,1213.4,6,12,12,1,10,0,0.188,75,LIKELY_SAPONIN,Probably a saponin
227,O=C2N([H])[C@@]([H])(C(=O)N1C([H])([H])C([H])([H])C([H])([H]...,1227.5,6,12,12,1,10,0,0.185,75,LIKELY_SAPONIN,Probably a saponin
228,O=C2N([H])[C@@]([H])(C(=O)N1C([H])([H])C([H])([H])C([H])([H]...,1194.4,5,13,13,1,10,0,0.217,75,LIKELY_SAPONIN,Probably a saponin
229,O=C2N([H])[C@@]([H])(C(=O)N1C([H])([H])C([H])([H])C([H])([H]...,1194.4,5,13,13,1,10,0,0.217,75,LIKELY_SAPONIN,Probably a saponin
230,O=C1N([H])[C@@]([H])(C(=O)N([H])[C@]([H])(C(=O)N([H])[C@]([H...,1244.5,5,13,13,1,10,0,0.203,75,LIKELY_SAPONIN,Probably a saponin
231,O=C1N([H])[C@@]([H])(C(=O)N5[C@]([H])(C(=O)N([H])[C@]([H])(C...,1194.4,5,13,13,1,10,0,0.217,75,LIKELY_SAPONIN,Probably a saponin
232,O=C1N([H])[C@@]([H])(C(=O)N5[C@]([H])(C(=O)N([H])[C@]([H])(C...,1255.5,6,12,12,1,10,0,0.179,75,LIKELY_SAPONIN,Probably a saponin
233,O=C1N([H])[C@@]([H])(C(=O)N5[C@]([H])(C(=O)N([H])[C@]([H])(C...,1241.5,6,12,12,1,10,0,0.182,75,LIKELY_SAPONIN,Probably a saponin
234,O=C1N([H])[C@@]([H])(C(=O)N5[C@]([H])(C(=O)N([H])[C@]([H])(C...,1255.5,6,12,12,1,11,0,0.179,75,LIKELY_SAPONIN,Probably a saponin
235,O=C1N([H])[C@@]([H])(C(=O)N6[C@]([H])(C(=O)N([H])[C@]([H])(C...,1289.5,7,12,12,1,10,0,0.171,75,LIKELY_SAPONIN,Probably a saponin
236,O=C1N([H])[C@@]([H])(C(=O)N7[C@]([H])(C(=O)N([H])[C@]([H])(C...,1328.6,8,12,13,1,10,0,0.167,75,LIKELY_SAPONIN,Probably a saponin
237,O=C1N([H])[C@@]([H])(C(=O)N6[C@]([H])(C(=O)N([H])[C@]([H])(C...,1305.5,7,13,12,2,10,0,0.186,80,HIGH_CONFIDENCE_SAPONIN,Very likely a saponin
238,O=C1N([H])[C@@]([H])(C(=O)N5[C@]([H])(C(=O)N([H])[C@]([H])(C...,1256.5,6,12,13,1,10,0,0.182,75,LIKELY_SAPONIN,Probably a saponin
239,O=C1N([H])[C@@]([H])(C(=O)N5[C@]([H])(C(=O)N([H])[C@]([H])(C...,1270.5,6,12,13,1,10,0,0.179,75,LIKELY_SAPONIN,Probably a saponin
240,O=C1N([H])[C@@]([H])(C(=O)N5[C@]([H])(C(=O)N([H])[C@]([H])(C...,1229.4,6,13,12,2,10,0,0.203,85,HIGH_CONFIDENCE_SAPONIN,Very likely a saponin
241,O=C1N([H])[C@@]([H])(C(=O)N5[C@]([H])(C(=O)N([H])[C@]([H])(C...,1257.5,6,14,12,2,10,0,0.215,85,HIGH_CONFIDENCE_SAPONIN,Very likely a saponin
242,O=C1N([H])[C@@]([H])(C(=O)N5[C@]([H])(C(=O)N([H])[C@]([H])(C...,1271.5,6,14,12,2,10,0,0.212,85,HIGH_CONFIDENCE_SAPONIN,Very likely a saponin
243,O=C1N([H])[C@@]([H])(C(=O)N5[C@]([H])(C(=O)N([H])[C@]([H])(C...,1256.5,6,13,13,1,10,0,0.200,75,LIKELY_SAPONIN,Probably a saponin
244,O=C2N([H])[C@@]([H])(C(=O)N1C([H])([H])C([H])([H])C([H])([H]...,1270.5,6,13,13,1,10,0,0.197,75,LIKELY_SAPONIN,Probably a saponin
245,O=C1N([H])[C@@]([H])(C(=O)N([H])c5c(C(=O)N([H])[C@]([H])(C(=...,1292.5,6,13,13,1,9,0,0.191,70,LIKELY_SAPONIN,Probably a saponin
246,O=C1N([H])[C@@]([H])(C(=O)N([H])c5c(C(=O)N([H])[C@]([H])(C(=...,1292.5,6,12,13,1,9,0,0.174,70,LIKELY_SAPONIN,Probably a saponin
247,O=C2O[C@]([H])([C@@]([H])([C@]([H])(O[H])[C@]([H])(C([H])=C(...,942.1,3,17,1,11,20,3,0.362,125,HIGH_CONFIDENCE_SAPONIN,Very likely a saponin
248,O=C3O[C@]([H])([C@@]([H])([C@]([H])(O[H])[C@]([H])(C([H])=C(...,1032.2,4,17,1,11,19,3,0.315,140,HIGH_CONFIDENCE_SAPONIN,Very likely a saponin
249,O=[S](=O)(O)O[C@]4([H])C([H])([H])C([H])([H])[C@]1(/C(=C(/[H...,578.8,4,9,0,3,9,0,0.333,70,LIKELY_SAPONIN,Probably a saponin
250,O=[S](=O)(O)O[C@]1([H])C([H])([H])C([H])([H])[C@]2([C@@]([H]...,580.8,4,9,0,3,10,0,0.333,75,LIKELY_SAPONIN,Probably a saponin
251,O=[S](=O)(O)OC([H])([H])[C@@]([H])([C@]4([H])[C@@]3([C@@]([H...,564.8,4,8,0,2,9,0,0.296,70,LIKELY_SAPONIN,Probably a saponin
252,O=C6O[C@]57[C@]([C@@]4(C([H])([H])C([H])([H])[C@]3([H])[C@](...,767.0,8,13,0,7,20,4,0.317,125,HIGH_CONFIDENCE_SAPONIN,Very likely a saponin
253,O=C(OC([H])([H])C([H])([H])ON(=O)O)[C@@]67C([H])([H])C([H])(...,840.0,7,15,1,6,18,4,0.349,135,HIGH_CONFIDENCE_SAPONIN,Very likely a saponin
254,O=C(OC([H])([H])C([H])([H])C([H])([H])C([H])([H])ON(=O)O)[C@...,868.1,7,15,1,6,18,4,0.333,135,HIGH_CONFIDENCE_SAPONIN,Very likely a saponin
255,O=C(OC([H])([H])C([H])([H])C([H])([H])C([H])([H])C([H])([H])...,896.1,7,15,1,6,18,4,0.319,135,HIGH_CONFIDENCE_SAPONIN,Very likely a saponin
256,[H]C(=O)[C@@]67C([H])([H])C([H])([H])[C@@]5(/C(=C(/[H])C([H]...,735.0,7,11,0,6,18,4,0.268,125,HIGH_CONFIDENCE_SAPONIN,Very likely a saponin
257,O=C5[C@]6([H])[C@]([C@@]4(C([H])([H])C([H])([H])[C@]3([H])[C...,767.0,7,13,0,7,19,4,0.317,125,HIGH_CONFIDENCE_SAPONIN,Very likely a saponin
258,O=C(O[H])[C@@]78C([H])([H])C([H])([H])[C@@]6(/C(=C(/[H])C([H...,913.1,8,17,0,10,23,6,0.362,145,HIGH_CONFIDENCE_SAPONIN,Very likely a saponin
259,O=C(N([H])[C@]1([H])[C@@]([H])(O[H])[C@]([H])(O[H])[C@]([H])...,2824.1,16,61,1,29,66,22,0.452,145,HIGH_CONFIDENCE_SAPONIN,Very likely a saponin
260,[H]C1([H])[C@]([H])(O[H])C([H])([H])[C@]2([H])[C@](C1([H])[H...,730.9,6,13,0,8,20,4,0.342,130,HIGH_CONFIDENCE_SAPONIN,Very likely a saponin
261,[H]C1([H])[C@]([H])(O[H])C([H])([H])[C@]2([H])[C@](C1([H])[H...,716.9,6,13,0,9,20,4,0.351,130,HIGH_CONFIDENCE_SAPONIN,Very likely a saponin
262,[H]C1([H])[C@]([H])(O[H])[C@]([H])(O[H])[C@]2([H])[C@](C1([H...,791.0,6,15,0,9,22,4,0.375,135,HIGH_CONFIDENCE_SAPONIN,Very likely a saponin
263,[H]C1([H])[C@]([H])(O[H])C([H])([H])[C@]2([H])[C@](C1([H])[H...,775.0,6,14,0,8,21,4,0.350,130,HIGH_CONFIDENCE_SAPONIN,Very likely a saponin
264,[H]C1([H])[C@]([H])(O[H])C([H])([H])[C@]2([H])[C@](C1([H])[H...,803.0,6,15,0,9,22,4,0.366,145,HIGH_CONFIDENCE_SAPONIN,Very likely a saponin
265,[H]C1([H])[C@]([H])(O[H])C([H])([H])[C@]2([H])[C@](C1([H])[H...,789.0,6,15,0,10,22,4,0.375,135,HIGH_CONFIDENCE_SAPONIN,Very likely a saponin
266,[H]C1([H])[C@]([H])(O[H])C([H])([H])[C@]2([H])[C@](C1([H])[H...,568.8,5,8,0,6,16,2,0.250,105,HIGH_CONFIDENCE_SAPONIN,Very likely a saponin
267,[H]C1([H])[C@]([H])(O[H])C([H])([H])[C@@]2(O[H])[C@](C1([H])...,584.8,5,9,0,7,16,2,0.281,105,HIGH_CONFIDENCE_SAPONIN,Very likely a saponin
268,O=C(C([H])([H])[C@](O[H])([C@]4([H])[C@@]1([C@@]([H])([C@@]3...,512.7,4,7,0,3,9,0,0.259,70,LIKELY_SAPONIN,Probably a saponin
269,O=C(C([H])([H])[C@]([H])([C@]5([H])[C@@]1([C@@]([H])([C@@]4(...,738.9,5,14,0,5,15,2,0.424,120,HIGH_CONFIDENCE_SAPONIN,Very likely a saponin
270,O=C(C([H])([H])[C@]([H])([C@]4([H])[C@@]1([C@@]([H])([C@@]3(...,512.7,4,7,0,3,10,0,0.259,75,LIKELY_SAPONIN,Probably a saponin
271,O=C([C@]5([H])[C@@]1([C@@]([H])([C@@]4([H])C(=C([H])C1([H])[...,638.8,5,13,0,4,13,2,0.481,120,HIGH_CONFIDENCE_SAPONIN,Very likely a saponin
272,O=C(C([H])([H])[C@](O[H])([C@]9([H])[C@@]1([C@@]([H])([C@@]8...,1215.4,9,27,0,13,32,10,0.491,150,HIGH_CONFIDENCE_SAPONIN,Very likely a saponin
273,O=C(C([H])([H])[C@](O[H])([C@]9([H])[C@@]1([C@@]([H])([C@@]8...,1229.4,9,27,0,13,33,10,0.482,150,HIGH_CONFIDENCE_SAPONIN,Very likely a saponin
274,O=C1O[C@]([C@@]%10([H])[C@]12[C@]([C@@]9([H])C(=C([H])C2([H]...,1401.5,10,32,0,12,33,10,0.508,150,HIGH_CONFIDENCE_SAPONIN,Very likely a saponin
275,O=C1O[C@]([C@@]%10([H])[C@]12[C@]([C@@]9([H])C(=C([H])C2([H]...,1399.5,10,32,0,12,33,10,0.508,150,HIGH_CONFIDENCE_SAPONIN,Very likely a saponin
276,O=C3O[C@]([C@]2([H])C(=O)C([H])([H])[C@]1([C@@]%10([H])C(=C(...,1297.4,10,29,0,12,31,10,0.492,150,HIGH_CONFIDENCE_SAPONIN,Very likely a saponin
277,O=C3O[C@]([C@]2([H])C(=O)C([H])([H])[C@]1([C@@]%11([H])C(=C(...,1473.6,11,34,0,14,36,12,0.515,150,HIGH_CONFIDENCE_SAPONIN,Very likely a saponin
278,O=C%10O[C@]([C@@]9([H])C(=O)C([H])([H])[C@]8(/C7=C(\[H])C([H...,1283.4,10,29,0,13,31,10,0.500,150,HIGH_CONFIDENCE_SAPONIN,Very likely a saponin
279,O=C(O[C@@]2([H])O[C@]([H])([C@]([H])(O[C@@]1([H])O[C@]([H])(...,1643.7,13,39,0,20,46,16,0.520,150,HIGH_CONFIDENCE_SAPONIN,Very likely a saponin
280,O=C(O[C@@]3([H])O[C@]([H])([C@]([H])(O[C@]2([H])O[C@@]([H])(...,1833.9,14,45,0,22,51,18,0.549,150,HIGH_CONFIDENCE_SAPONIN,Very likely a saponin
281,O=C(O[C@]1([H])OC([H])([H])[C@]([H])(O[H])[C@]([H])(O[H])[C@...,1209.3,10,27,0,16,32,10,0.474,150,HIGH_CONFIDENCE_SAPONIN,Very likely a saponin
282,O=C(O[C@]1([H])OC([H])([H])[C@]([H])(O[H])[C@]([H])(O[H])[C@...,1371.5,11,32,0,19,37,12,0.508,150,HIGH_CONFIDENCE_SAPONIN,Very likely a saponin
283,O=C1O[C@@](C([H])=C([H])C([H])=C(C([H])([H])[H])C([H])([H])[...,921.1,8,17,0,7,22,6,0.354,140,HIGH_CONFIDENCE_SAPONIN,Very likely a saponin
284,O=C6O[C@@]7([H])C([H])([H])[C@]5(/C4=C(\[H])C([H])([H])[C@@]...,845.0,8,16,0,6,19,4,0.390,140,HIGH_CONFIDENCE_SAPONIN,Very likely a saponin
285,O=C6O[C@@]7([H])C([H])([H])[C@]5(/C4=C(\[H])C([H])([H])[C@@]...,845.0,7,16,0,7,19,4,0.390,140,HIGH_CONFIDENCE_SAPONIN,Very likely a saponin
286,O=C6O[C@@]7([H])C([H])([H])[C@]5(/C4=C(\[H])C([H])([H])[C@@]...,829.0,7,15,0,6,18,4,0.366,140,HIGH_CONFIDENCE_SAPONIN,Very likely a saponin
287,O=C6O[C@@]7([H])C([H])([H])[C@]5(/C4=C(\[H])C([H])([H])[C@@]...,829.0,7,15,0,6,18,4,0.366,140,HIGH_CONFIDENCE_SAPONIN,Very likely a saponin
288,O=C8O[C@@]9([H])C([H])([H])[C@]7(/C6=C(\[H])C([H])([H])[C@@]...,1153.3,9,25,0,11,27,8,0.472,150,HIGH_CONFIDENCE_SAPONIN,Very likely a saponin
289,O=C8O[C@@]9([H])C([H])([H])[C@]7(/C6=C(\[H])C([H])([H])[C@@]...,1153.3,9,25,0,11,28,8,0.472,150,HIGH_CONFIDENCE_SAPONIN,Very likely a saponin
290,O=C8O[C@@]9([H])C([H])([H])[C@]7(/C6=C(\[H])C([H])([H])[C@@]...,1233.4,9,28,0,11,27,8,0.528,150,HIGH_CONFIDENCE_SAPONIN,Very likely a saponin
291,O=C8O[C@@]9([H])C([H])([H])[C@]7(/C6=C(\[H])C([H])([H])[C@@]...,1233.4,9,28,0,11,28,8,0.528,150,HIGH_CONFIDENCE_SAPONIN,Very likely a saponin
292,O=C8O[C@@]9([H])C([H])([H])[C@]7(/C6=C(\[H])C([H])([H])[C@@]...,1217.4,9,27,0,10,27,8,0.509,150,HIGH_CONFIDENCE_SAPONIN,Very likely a saponin
293,[H][C@]34C([C@@]([H])(O[C@]1([H])O[C@@]([H])([C@]([H])(O[H])...,827.1,6,14,0,9,18,4,0.318,140,HIGH_CONFIDENCE_SAPONIN,Very likely a saponin
294,[H][C@]45C([C@@]([H])(O[C@]2([H])O[C@@]([H])([C@]([H])(O[H])...,987.2,7,19,0,10,22,6,0.380,145,HIGH_CONFIDENCE_SAPONIN,Very likely a saponin
295,[H][C@]45C([C@@]([H])(O[C@]2([H])O[C@@]([H])([C@]([H])(O[H])...,1028.2,7,19,1,9,22,6,0.365,145,HIGH_CONFIDENCE_SAPONIN,Very likely a saponin
296,[H][C@]45C([C@@]([H])(O[C@]2([H])O[C@@]([H])([C@]([H])(O[H])...,1000.2,7,18,1,10,22,6,0.353,145,HIGH_CONFIDENCE_SAPONIN,Very likely a saponin
297,[H][C@]56C([C@@]([H])(O[C@]3([H])O[C@@]([H])([C@]([H])(O[H])...,1160.4,8,23,1,11,26,8,0.404,145,HIGH_CONFIDENCE_SAPONIN,Very likely a saponin
298,[H][C@]56C([C@@]([H])(O[C@]3([H])O[C@@]([H])([C@]([H])(O[H])...,1202.4,8,24,1,10,26,8,0.407,145,HIGH_CONFIDENCE_SAPONIN,Very likely a saponin
299,[H][C@]56C([C@@]([H])(O[C@]3([H])O[C@@]([H])([C@]([H])(O[H])...,1202.4,8,24,1,10,26,8,0.407,145,HIGH_CONFIDENCE_SAPONIN,Very likely a saponin
300,O=C1O[C@]([C@@]9([H])[C@]18[C@](/C7=C(\[H])C([H])([H])[C@]6(...,1157.3,9,24,0,9,28,8,0.421,150,HIGH_CONFIDENCE_SAPONIN,Very likely a saponin
301,O=C8O[C@@]9([H])C([H])([H])[C@]7(/C6=C(\[H])C([H])([H])[C@]5...,971.1,9,20,0,9,26,8,0.417,145,HIGH_CONFIDENCE_SAPONIN,Very likely a saponin
302,O=C1O[C@]([C@]9([H])[C@]18[C@](/C7=C(\[H])C([H])([H])[C@]6([...,1113.3,9,23,0,9,27,8,0.418,150,HIGH_CONFIDENCE_SAPONIN,Very likely a saponin
303,O=C(O[C@@]8([H])C([H])([H])[C@]7(/C6=C(\[H])C([H])([H])[C@]5...,1103.3,8,22,0,11,27,8,0.400,150,HIGH_CONFIDENCE_SAPONIN,Very likely a saponin
304,O=C1O[C@]([C@]%10([H])[C@]19[C@](/C8=C(\[H])C([H])([H])[C@]7...,1313.5,10,29,0,11,31,10,0.483,150,HIGH_CONFIDENCE_SAPONIN,Very likely a saponin
305,O=C1O[C@]([C@]6([H])[C@]15[C@](/C4=C(\[H])C([H])([H])[C@]3([...,644.8,6,9,0,3,13,2,0.243,110,HIGH_CONFIDENCE_SAPONIN,Very likely a saponin
306,O=C1O[C@]([C@]7([H])[C@]16[C@](/C5=C(\[H])C([H])([H])[C@]4([...,791.0,7,13,0,5,18,4,0.302,125,HIGH_CONFIDENCE_SAPONIN,Very likely a saponin
307,O=C1O[C@]([C@]7([H])[C@]16[C@](/C5=C(\[H])C([H])([H])[C@]4([...,871.1,7,16,0,5,18,4,0.372,140,HIGH_CONFIDENCE_SAPONIN,Very likely a saponin
308,O=C1O[C@]([C@]9([H])[C@]18[C@](/C7=C(\[H])C([H])([H])[C@]6([...,1099.3,9,22,0,9,27,8,0.400,150,HIGH_CONFIDENCE_SAPONIN,Very likely a saponin
309,O=C1O[C@]([C@]9([H])[C@]18[C@](/C7=C(\[H])C([H])([H])[C@]6([...,1179.3,9,25,0,9,27,8,0.455,150,HIGH_CONFIDENCE_SAPONIN,Very likely a saponin
310,O=C1O[C@]([C@]9([H])[C@]18[C@](/C7=C(\[H])C([H])([H])[C@]6([...,1101.3,9,22,0,9,27,8,0.400,150,HIGH_CONFIDENCE_SAPONIN,Very likely a saponin
311,O=C1O[C@]([C@]9([H])[C@]18[C@](/C7=C(\[H])C([H])([H])[C@]6([...,1181.4,9,25,0,9,27,8,0.455,150,HIGH_CONFIDENCE_SAPONIN,Very likely a saponin
312,O=C1O[C@]([C@]%10([H])[C@]19[C@](/C8=C(\[H])C([H])([H])[C@]7...,1233.4,10,26,0,11,31,10,0.433,150,HIGH_CONFIDENCE_SAPONIN,Very likely a saponin
313,O=C1O[C@]([C@]%10([H])[C@]19[C@](/C8=C(\[H])C([H])([H])[C@]7...,1313.5,10,29,0,11,31,10,0.483,150,HIGH_CONFIDENCE_SAPONIN,Very likely a saponin
314,O=C%10O[C@]([C@@]9([H])C(=O)C([H])([H])[C@]8(/C7=C(\[H])C([H...,1283.4,10,29,0,13,31,10,0.500,150,HIGH_CONFIDENCE_SAPONIN,Very likely a saponin
315,O=C8O[C@]([C@@]7([H])C(=O)C([H])([H])[C@]6(/C5=C(\[H])C([H])...,959.1,8,19,0,7,21,6,0.413,140,HIGH_CONFIDENCE_SAPONIN,Very likely a saponin
316,O=C8O[C@@]9([H])C([H])([H])[C@]7(/C6=C(\[H])C([H])([H])[C@]5...,1051.2,9,23,0,9,26,8,0.479,150,HIGH_CONFIDENCE_SAPONIN,Very likely a saponin
317,O=C%10O[C@]([C@@]9([H])C(=O)C([H])([H])[C@]8(/C7=C(\[H])C([H...,1297.4,10,29,0,12,31,10,0.492,150,HIGH_CONFIDENCE_SAPONIN,Very likely a saponin
318,O=C%10O[C@]([C@@]9([H])C(=O)C([H])([H])[C@]8(/C7=C(\[H])C([H...,1377.5,10,32,0,12,31,10,0.542,150,HIGH_CONFIDENCE_SAPONIN,Very likely a saponin
319,O=C%10O[C@]([C@@]9([H])C(=O)C([H])([H])[C@]8(/C7=C(\[H])C([H...,1377.5,10,32,0,12,31,10,0.542,150,HIGH_CONFIDENCE_SAPONIN,Very likely a saponin
320,O=C%10O[C@]([C@@]9([H])C(=O)C([H])([H])[C@]8(/C7=C(\[H])C([H...,1457.6,10,35,0,12,31,10,0.593,150,HIGH_CONFIDENCE_SAPONIN,Very likely a saponin
321,O=C%10O[C@]([C@@]9([H])C(=O)C([H])([H])[C@]8(/C7=C(\[H])C([H...,1217.4,10,26,0,12,31,10,0.441,150,HIGH_CONFIDENCE_SAPONIN,Very likely a saponin
322,O=C%10O[C@]([C@@]9([H])C(=O)C([H])([H])[C@]8(/C7=C(\[H])C([H...,1203.3,10,26,0,13,31,10,0.448,150,HIGH_CONFIDENCE_SAPONIN,Very likely a saponin
323,O=C1O[C@]([C@]%10([H])[C@]19[C@](/C8=C(\[H])C([H])([H])[C@]7...,1443.6,10,34,0,12,31,10,0.576,150,HIGH_CONFIDENCE_SAPONIN,Very likely a saponin
324,O=C1O[C@]([C@]%10([H])[C@]19[C@](/C8=C(\[H])C([H])([H])[C@]7...,1203.4,10,25,0,12,31,10,0.424,150,HIGH_CONFIDENCE_SAPONIN,Very likely a saponin
325,O=C1O[C@]([C@]9(O[H])[C@]12[C@]([C@@]8([H])C(=C([H])[C@]2([H...,1199.3,10,27,0,12,29,8,0.500,150,HIGH_CONFIDENCE_SAPONIN,Very likely a saponin
326,O=C1O[C@]([C@]7(O[H])[C@]12[C@]([C@@]6([H])C(=C([H])[C@]2([H...,861.0,8,17,0,7,19,4,0.415,140,HIGH_CONFIDENCE_SAPONIN,Very likely a saponin
327,O=C1O[C@]([C@]9(O[H])[C@]12[C@]([C@@]8([H])C(=C([H])[C@]2([H...,1243.4,9,28,0,12,28,8,0.500,150,HIGH_CONFIDENCE_SAPONIN,Very likely a saponin
328,O=C1O[C@]([C@]7(O[H])[C@@]16C(=O)C([H])=C5[C@@]4([C@@]([H])(...,845.0,7,16,0,6,17,4,0.390,140,HIGH_CONFIDENCE_SAPONIN,Very likely a saponin
329,O=C3O[C@]([C@]2([H])C(=O)C([H])([H])[C@]1([C@@]%11([H])C(=C(...,1393.5,11,31,0,14,36,12,0.470,150,HIGH_CONFIDENCE_SAPONIN,Very likely a saponin
330,[H][C@]78/C6=C(\[H])C([H])([H])[C@]5([H])[C@@]4([C@]([H])(C(...,1139.3,8,22,0,11,26,6,0.379,150,HIGH_CONFIDENCE_SAPONIN,Very likely a saponin
331,O=C6[C@]([H])(O[C@]5([H])O[C@@]([H])([C@]([H])(O[H])[C@]([H]...,1257.3,11,30,0,17,38,12,0.526,150,HIGH_CONFIDENCE_SAPONIN,Very likely a saponin
332,[H][C@]58/C4=C(\[H])C([H])([H])[C@]3([H])[C@@]2([C@@]([H])(C...,909.1,8,17,0,9,22,6,0.362,145,HIGH_CONFIDENCE_SAPONIN,Very likely a saponin
333,[H][C@]59/C4=C(\[H])C([H])([H])[C@]3([H])[C@@]2([C@@]([H])(C...,1041.2,9,21,0,11,25,8,0.404,150,HIGH_CONFIDENCE_SAPONIN,Very likely a saponin
334,[H][C@]5%10/C4=C(\[H])C([H])([H])[C@]3([H])[C@@]2([C@@]([H])...,1173.3,10,25,0,13,28,10,0.439,150,HIGH_CONFIDENCE_SAPONIN,Very likely a saponin
335,[H][C@]59/C4=C(\[H])C([H])([H])[C@]3([H])[C@@]2([C@@]([H])(C...,1041.2,9,21,0,11,26,8,0.404,150,HIGH_CONFIDENCE_SAPONIN,Very likely a saponin
336,O=C(O[C@]1([H])O[C@@]([H])([C@@]([H])(O[H])[C@]([H])(O[H])[C...,1757.9,12,40,0,23,46,14,0.488,150,HIGH_CONFIDENCE_SAPONIN,Very likely a saponin
337,O=C(O[H])[C@@]%11([H])O[C@@]([H])(O[C@]1([H])C([C@]2([H])[C@...,1251.4,11,27,0,15,35,10,0.450,150,HIGH_CONFIDENCE_SAPONIN,Very likely a saponin
338,O=C(O[H])[C@@]%10([H])O[C@@]([H])(O[C@]1([H])C([C@]2([H])[C@...,1105.3,10,23,0,13,30,8,0.426,150,HIGH_CONFIDENCE_SAPONIN,Very likely a saponin
339,O=C(O[C@@]%12([H])C([H])([H])[C@]%11(C(=O)O[C@]1([H])O[C@@](...,1692.8,13,38,1,20,43,14,0.481,145,HIGH_CONFIDENCE_SAPONIN,Very likely a saponin
340,O=C(O[C@@]%13([H])C([H])([H])[C@]%12(C(=O)O[C@]1([H])O[C@@](...,1813.9,14,43,0,24,48,16,0.518,150,HIGH_CONFIDENCE_SAPONIN,Very likely a saponin
341,O=C(O[C@@]%12([H])C([H])([H])[C@]%11(C(=O)O[C@]1([H])O[C@@](...,2213.4,14,49,1,25,55,18,0.471,145,HIGH_CONFIDENCE_SAPONIN,Very likely a saponin
342,O=C(O[H])[C@@]67C([H])([H])C([H])([H])[C@@]5(/C(=C(/[H])C([H...,751.0,7,12,0,7,18,4,0.293,125,HIGH_CONFIDENCE_SAPONIN,Very likely a saponin
343,O=C(O[H])[C@@]56C([H])([H])C([H])([H])[C@@]4(/C(=C(/[H])C([H...,604.8,6,8,0,5,13,2,0.229,120,HIGH_CONFIDENCE_SAPONIN,Very likely a saponin
344,O=C(O[H])[C@@]78C([H])([H])C([H])([H])[C@@]6(/C(=C(/[H])C([H...,913.1,8,17,0,10,23,6,0.362,145,HIGH_CONFIDENCE_SAPONIN,Very likely a saponin
345,O=C6[C@]7([H])[C@]([C@@]5(C([H])([H])C([H])([H])[C@]4([H])[C...,929.1,8,18,0,10,24,6,0.383,145,HIGH_CONFIDENCE_SAPONIN,Very likely a saponin
346,[H]C5([H])[C@]([H])(O[C@]2([H])O[C@@]([H])([C@@]([H])(O[C@]1...,855.0,9,16,0,8,25,8,0.364,145,HIGH_CONFIDENCE_SAPONIN,Very likely a saponin
347,[H]C6([H])[C@]([H])(O[C@]3([H])O[C@@]([H])([C@@]([H])(O[C@]2...,1015.2,10,20,0,10,31,10,0.392,150,HIGH_CONFIDENCE_SAPONIN,Very likely a saponin
348,[H]C5([H])[C@]([H])(O[C@]2([H])O[C@@]([H])([C@@]([H])(O[C@]1...,871.0,9,17,0,9,25,8,0.386,145,HIGH_CONFIDENCE_SAPONIN,Very likely a saponin
349,[H]C4([H])[C@]([H])(O[C@]1([H])O[C@@]([H])([C@@]([H])(O[H])[...,738.9,8,13,0,7,21,6,0.333,125,HIGH_CONFIDENCE_SAPONIN,Very likely a saponin
350,[H]C5([H])[C@]([H])(O[C@]2([H])O[C@@]([H])([C@@]([H])(O[H])[...,885.1,9,17,0,9,26,8,0.378,145,HIGH_CONFIDENCE_SAPONIN,Very likely a saponin
351,[H]C6([H])[C@]([H])(O[C@]3([H])O[C@@]([H])([C@@]([H])(O[C@]2...,1031.2,10,21,0,11,31,10,0.412,150,HIGH_CONFIDENCE_SAPONIN,Very likely a saponin
352,[H]C4([H])[C@]([H])(O[C@@]1([H])O[C@@]([H])([C@@]([H])(O[H])...,738.9,8,13,0,7,21,6,0.333,125,HIGH_CONFIDENCE_SAPONIN,Very likely a saponin
353,[H]C4([H])[C@]([H])(O[C@@]1([H])O[C@@]([H])([C@@]([H])(O[H])...,708.9,8,12,0,6,20,6,0.316,125,HIGH_CONFIDENCE_SAPONIN,Very likely a saponin
354,[H]C4([H])[C@]([H])(O[C@]2([H])O[C@@]([H])([C@@]([H])(O[H])[...,738.9,8,13,0,7,21,6,0.333,125,HIGH_CONFIDENCE_SAPONIN,Very likely a saponin
355,[H]C4([H])[C@]([H])(O[C@]2([H])O[C@@]([H])([C@@]([H])(O[H])[...,708.9,8,12,0,6,20,6,0.316,125,HIGH_CONFIDENCE_SAPONIN,Very likely a saponin
356,[H]C4([H])[C@]([H])(O[C@]2([H])O[C@@]([H])([C@@]([H])(O[C@@]...,738.9,8,13,0,7,21,6,0.333,125,HIGH_CONFIDENCE_SAPONIN,Very likely a saponin
357,[H]C4([H])[C@]([H])(O[C@]2([H])O[C@@]([H])([C@@]([H])(O[C@]1...,738.9,8,13,0,7,21,6,0.333,125,HIGH_CONFIDENCE_SAPONIN,Very likely a saponin
358,[H]C4([H])[C@]([H])(O[C@]1([H])O[C@@]([H])([C@@]([H])(O[H])[...,738.9,8,13,0,7,21,6,0.333,125,HIGH_CONFIDENCE_SAPONIN,Very likely a saponin
359,[H]C4([H])[C@]([H])(O[C@]1([H])O[C@@]([H])([C@@]([H])(O[H])[...,738.9,8,13,0,7,21,6,0.333,125,HIGH_CONFIDENCE_SAPONIN,Very likely a saponin
360,[H]C4([H])[C@]([H])(O[C@]1([H])O[C@@]([H])([C@@]([H])(O[H])[...,708.9,8,12,0,6,20,6,0.316,125,HIGH_CONFIDENCE_SAPONIN,Very likely a saponin
361,[H]C4([H])[C@]([H])(O[C@]1([H])O[C@@]([H])([C@@]([H])(O[H])[...,708.9,8,12,0,6,20,6,0.316,125,HIGH_CONFIDENCE_SAPONIN,Very likely a saponin
362,[H]C4([H])[C@]([H])(O[C@@]1([H])O[C@@]([H])([C@@]([H])(O[H])...,708.9,8,12,0,6,20,6,0.316,125,HIGH_CONFIDENCE_SAPONIN,Very likely a saponin
363,O=C5C([H])=C6[C@@]([C@@]4(C([H])([H])C([H])([H])[C@@]3([H])C...,809.0,7,14,0,7,19,4,0.326,135,HIGH_CONFIDENCE_SAPONIN,Very likely a saponin
364,O=C5C([H])=C6[C@@]([C@@]4(C([H])([H])C([H])([H])[C@@]3([H])C...,779.0,7,13,0,6,18,4,0.310,125,HIGH_CONFIDENCE_SAPONIN,Very likely a saponin
365,O=C5C([H])=C6[C@@]([C@@]4(C([H])([H])C([H])([H])[C@@]3([H])C...,809.0,7,14,0,7,19,4,0.326,135,HIGH_CONFIDENCE_SAPONIN,Very likely a saponin
366,O=C5C([H])=C6[C@]([C@@]4(C([H])([H])C([H])([H])[C@@]3([H])C(...,809.0,7,14,0,7,19,4,0.326,135,HIGH_CONFIDENCE_SAPONIN,Very likely a saponin
367,O=C5C([H])=C6[C@]([C@@]4(C([H])([H])C([H])([H])[C@@]3([H])C(...,809.0,7,14,0,7,19,4,0.326,135,HIGH_CONFIDENCE_SAPONIN,Very likely a saponin
368,O=C5C([H])=C6[C@]([C@@]4(C([H])([H])C([H])([H])[C@@]3([H])C(...,809.0,7,14,0,7,19,4,0.326,135,HIGH_CONFIDENCE_SAPONIN,Very likely a saponin
369,O=C5C([H])=C6[C@@]([C@@]4(C([H])([H])C([H])([H])[C@@]3([H])C...,809.0,7,14,0,7,19,4,0.326,135,HIGH_CONFIDENCE_SAPONIN,Very likely a saponin
370,O=C5C([H])=C6[C@]([C@@]4(C([H])([H])C([H])([H])[C@]3([H])C([...,779.0,7,13,0,6,18,4,0.310,125,HIGH_CONFIDENCE_SAPONIN,Very likely a saponin
371,O=C5C([H])=C6[C@]([C@@]4(C([H])([H])C([H])([H])[C@]3([H])C([...,779.0,7,13,0,6,18,4,0.310,125,HIGH_CONFIDENCE_SAPONIN,Very likely a saponin
372,O=C(O[C@@]%12([H])C([H])([H])[C@]%11(C(=O)O[C@]1([H])O[C@@](...,2500.7,15,56,0,29,61,20,0.475,150,HIGH_CONFIDENCE_SAPONIN,Very likely a saponin
373,O=C(O[C@@]%13([H])C([H])([H])[C@]%12(C(=O)O[C@]1([H])O[C@@](...,2662.9,16,61,0,32,66,22,0.492,150,HIGH_CONFIDENCE_SAPONIN,Very likely a saponin
374,O=C(O[C@@]%13([H])C([H])([H])[C@]%12(C(=O)O[C@]1([H])O[C@@](...,2320.5,15,54,0,29,59,20,0.505,150,HIGH_CONFIDENCE_SAPONIN,Very likely a saponin
375,O=C(O[C@@]%12([H])C([H])([H])[C@]%11(C(=O)O[C@]1([H])O[C@@](...,1860.0,13,43,0,24,49,16,0.500,150,HIGH_CONFIDENCE_SAPONIN,Very likely a saponin
376,[H]C1([H])[C@]([H])(O[H])C([H])([H])[C@]2([H])[C@](C1([H])[H...,730.9,6,13,0,8,20,4,0.342,130,HIGH_CONFIDENCE_SAPONIN,Very likely a saponin
377,[H]C1([H])[C@]([H])(O[H])C([H])([H])[C@]2([H])[C@](C1([H])[H...,716.9,6,13,0,9,20,4,0.351,130,HIGH_CONFIDENCE_SAPONIN,Very likely a saponin
378,[H]C5([H])[C@]([H])(O[C@]2([H])O[C@@]([H])([C@@]([H])(O[C@@]...,897.1,9,16,0,7,26,8,0.340,140,HIGH_CONFIDENCE_SAPONIN,Very likely a saponin
379,[H]C5([H])[C@]([H])(O[C@]2([H])O[C@@]([H])([C@@]([H])(O[C@@]...,909.1,9,16,0,7,26,8,0.333,140,HIGH_CONFIDENCE_SAPONIN,Very likely a saponin
380,[H]C5([H])[C@]([H])(O[C@]2([H])O[C@@]([H])([C@@]([H])(O[C@@]...,912.1,9,16,1,7,26,8,0.340,135,HIGH_CONFIDENCE_SAPONIN,Very likely a saponin
381,O=C(N([H])C([H])([H])C([H])([H])OC([H])([H])[C@@]8([H])O[C@@...,954.2,9,17,1,7,26,8,0.347,135,HIGH_CONFIDENCE_SAPONIN,Very likely a saponin
382,O=C(N([H])C([H])([H])C([H])([H])OC([H])([H])[C@@]8([H])O[C@@...,1008.1,9,17,1,7,26,8,0.347,140,HIGH_CONFIDENCE_SAPONIN,Very likely a saponin
383,O=C(N([H])C([H])([H])C([H])([H])OC([H])([H])[C@@]8([H])O[C@@...,1016.2,10,17,1,7,26,8,0.315,140,HIGH_CONFIDENCE_SAPONIN,Very likely a saponin
384,O=C(N([H])C([H])([H])C([H])([H])OC([H])([H])[C@@]8([H])O[C@@...,1006.2,9,17,1,7,26,8,0.321,140,HIGH_CONFIDENCE_SAPONIN,Very likely a saponin
385,O=C(N([H])C([H])([H])C([H])([H])OC([H])([H])[C@@]8([H])O[C@@...,1122.5,9,17,1,7,26,8,0.279,140,HIGH_CONFIDENCE_SAPONIN,Very likely a saponin
386,[H]C5([H])[C@]([H])(O[C@]3([H])O[C@@]2([H])[C@@]([H])(O[C@]1...,704.9,9,11,0,4,21,6,0.282,125,HIGH_CONFIDENCE_SAPONIN,Very likely a saponin
387,[H]C4([H])[C@]([H])(O[C@]2([H])O[C@@]([H])([C@@]([H])(O[C@@]...,871.1,9,16,0,8,27,8,0.356,145,HIGH_CONFIDENCE_SAPONIN,Very likely a saponin
388,[H][C@]4(O[H])[C@]([H])(O[C@]2([H])O[C@@]([H])([C@@]([H])(O[...,887.1,9,17,0,9,28,8,0.378,145,HIGH_CONFIDENCE_SAPONIN,Very likely a saponin
389,O=C(O[C@]5([H])[C@]4([H])C([H])([H])[C@@]([H])(O[C@]2([H])O[...,985.2,9,18,0,8,28,8,0.353,145,HIGH_CONFIDENCE_SAPONIN,Very likely a saponin
390,O=C(O[C@]5([H])[C@]4([H])C([H])([H])[C@@]([H])(O[C@]2([H])O[...,1041.3,9,18,0,8,28,8,0.327,150,HIGH_CONFIDENCE_SAPONIN,Very likely a saponin
391,[H][C@]3(O[H])[C@]([H])(O[C@]1([H])O[C@@]([H])([C@]([H])(O[H...,740.9,8,13,0,7,23,6,0.333,125,HIGH_CONFIDENCE_SAPONIN,Very likely a saponin
392,[H][C@]1(O[C@]([H])([C@]([H])(O[H])[C@@]([H])(O[H])[C@@]1([H...,887.1,9,17,0,9,28,8,0.378,145,HIGH_CONFIDENCE_SAPONIN,Very likely a saponin
393,[H]C5([H])[C@]([H])(O[C@]2([H])O[C@@]([H])([C@@]([H])(O[C@@]...,869.1,9,16,0,8,26,8,0.356,145,HIGH_CONFIDENCE_SAPONIN,Very likely a saponin
394,[H]C5([H])[C@]([H])(O[C@]2([H])O[C@@]([H])([C@@]([H])(O[C@@]...,868.1,9,15,1,7,26,8,0.333,135,HIGH_CONFIDENCE_SAPONIN,Very likely a saponin
395,O=C(N([H])C([H])([H])[C@@]8([H])O[C@@]([H])(O[C@@]6([H])C([H...,964.1,9,16,1,7,26,8,0.340,135,HIGH_CONFIDENCE_SAPONIN,Very likely a saponin
396,O=C(N([H])C([H])([H])[C@@]8([H])O[C@@]([H])(O[C@@]6([H])C([H...,972.6,9,16,1,7,26,8,0.327,135,HIGH_CONFIDENCE_SAPONIN,Very likely a saponin
397,O=C(N([H])C([H])([H])[C@@]8([H])O[C@@]([H])(O[C@@]6([H])C([H...,962.2,9,16,1,7,26,8,0.314,135,HIGH_CONFIDENCE_SAPONIN,Very likely a saponin
398,O=C(N([H])C([H])([H])[C@@]8([H])O[C@@]([H])(O[C@@]6([H])C([H...,972.2,10,16,1,7,26,8,0.308,135,HIGH_CONFIDENCE_SAPONIN,Very likely a saponin
399,O=C(N([H])C([H])([H])[C@@]8([H])O[C@@]([H])(O[C@@]6([H])C([H...,1002.2,10,17,1,7,26,8,0.321,140,HIGH_CONFIDENCE_SAPONIN,Very likely a saponin
400,O=C(N([H])C([H])([H])[C@@]8([H])O[C@@]([H])(O[C@@]6([H])C([H...,1017.2,10,18,2,7,26,8,0.346,135,HIGH_CONFIDENCE_SAPONIN,Very likely a saponin
401,O=C(N([H])C([H])([H])[C@@]8([H])O[C@@]([H])(O[C@@]6([H])C([H...,1098.1,10,16,1,7,26,8,0.308,140,HIGH_CONFIDENCE_SAPONIN,Very likely a saponin
402,O=C(N([H])C([H])([H])[C@@]8([H])O[C@@]([H])(O[C@@]6([H])C([H...,1002.2,10,17,1,7,26,8,0.321,140,HIGH_CONFIDENCE_SAPONIN,Very likely a saponin
403,O=C(N([H])C([H])([H])[C@@]8([H])O[C@@]([H])(O[C@@]6([H])C([H...,1036.7,10,17,1,7,26,8,0.321,140,HIGH_CONFIDENCE_SAPONIN,Very likely a saponin
404,O=C(N([H])C([H])([H])[C@@]8([H])O[C@@]([H])(O[C@@]6([H])C([H...,998.2,10,16,1,7,26,8,0.296,135,HIGH_CONFIDENCE_SAPONIN,Very likely a saponin
405,O=C(OC([H])([H])C2=c3c(=C1C([H])=C([H])C([H])=C([H])[C@]12[H...,1090.3,12,17,1,7,27,8,0.283,140,HIGH_CONFIDENCE_SAPONIN,Very likely a saponin
406,O=[S](=O)(N([H])C([H])([H])[C@@]8([H])O[C@@]([H])(O[C@@]6([H...,1101.4,11,17,2,7,26,8,0.298,135,HIGH_CONFIDENCE_SAPONIN,Very likely a saponin
407,N#N=NC([H])([H])C([H])([H])O[C@]9([H])[C@@]([H])(O[H])[C@@](...,938.1,9,16,3,7,26,8,0.340,125,HIGH_CONFIDENCE_SAPONIN,Very likely a saponin
408,[H]C5([H])[C@]([H])(O[C@]2([H])O[C@@]([H])([C@@]([H])(O[C@@]...,912.1,9,16,1,7,26,8,0.340,135,HIGH_CONFIDENCE_SAPONIN,Very likely a saponin
409,O=C(N([H])C([H])([H])C([H])([H])O[C@]9([H])[C@@]([H])(O[H])[...,954.2,9,17,1,7,26,8,0.347,135,HIGH_CONFIDENCE_SAPONIN,Very likely a saponin
410,O=C(N([H])C([H])([H])C([H])([H])O[C@]9([H])[C@@]([H])(O[H])[...,1008.1,9,17,1,7,26,8,0.347,140,HIGH_CONFIDENCE_SAPONIN,Very likely a saponin
411,O=C(N([H])C([H])([H])C([H])([H])O[C@]9([H])[C@@]([H])(O[H])[...,1016.7,9,17,1,7,26,8,0.333,140,HIGH_CONFIDENCE_SAPONIN,Very likely a saponin
412,O=C(N([H])C([H])([H])C([H])([H])O[C@]9([H])[C@@]([H])(O[H])[...,1006.2,9,17,1,7,26,8,0.321,140,HIGH_CONFIDENCE_SAPONIN,Very likely a saponin
413,O=C(N([H])C([H])([H])C([H])([H])O[C@]9([H])[C@@]([H])(O[H])[...,1078.4,9,17,1,7,26,8,0.293,140,HIGH_CONFIDENCE_SAPONIN,Very likely a saponin
414,O=C(N([H])C([H])([H])C([H])([H])O[C@]9([H])[C@@]([H])(O[H])[...,1016.2,10,17,1,7,26,8,0.315,140,HIGH_CONFIDENCE_SAPONIN,Very likely a saponin
415,O=C(N([H])C([H])([H])C([H])([H])O[C@]9([H])[C@@]([H])(O[H])[...,1046.3,10,18,1,7,26,8,0.327,140,HIGH_CONFIDENCE_SAPONIN,Very likely a saponin
416,O=C(N([H])C([H])([H])C([H])([H])O[C@]9([H])[C@@]([H])(O[H])[...,1061.2,10,19,2,7,26,8,0.352,135,HIGH_CONFIDENCE_SAPONIN,Very likely a saponin
417,O=C(N([H])C([H])([H])C([H])([H])O[C@]9([H])[C@@]([H])(O[H])[...,1142.1,10,17,1,7,26,8,0.315,140,HIGH_CONFIDENCE_SAPONIN,Very likely a saponin
418,O=C(N([H])C([H])([H])C([H])([H])O[C@]9([H])[C@@]([H])(O[H])[...,1046.3,10,18,1,7,26,8,0.327,140,HIGH_CONFIDENCE_SAPONIN,Very likely a saponin
419,O=C(N([H])C([H])([H])C([H])([H])O[C@]9([H])[C@@]([H])(O[H])[...,1080.7,10,18,1,7,26,8,0.327,140,HIGH_CONFIDENCE_SAPONIN,Very likely a saponin
420,O=C(N([H])C([H])([H])C([H])([H])O[C@]9([H])[C@@]([H])(O[H])[...,1042.3,10,17,1,7,26,8,0.304,140,HIGH_CONFIDENCE_SAPONIN,Very likely a saponin
421,O=C(OC([H])([H])C2=c3c(=C1C([H])=C([H])C([H])=C([H])[C@]12[H...,1134.4,12,18,1,7,27,8,0.290,140,HIGH_CONFIDENCE_SAPONIN,Very likely a saponin
422,O=[S](=O)(c1c2c(c([H])c([H])c1[H])c(c([H])c([H])c2[H])N(C([H...,1145.4,11,18,2,7,26,8,0.305,135,HIGH_CONFIDENCE_SAPONIN,Very likely a saponin
423,O=C(OC([H])([H])[C@]9([H])O[C@@]([H])(O[C@]8([H])[C@]([H])(O...,939.1,9,18,0,6,25,8,0.375,140,HIGH_CONFIDENCE_SAPONIN,Very likely a saponin
424,[H]C4([H])[C@]([H])(O[C@]1([H])O[C@@]([H])([C@@]([H])(O[H])[...,722.9,8,12,0,6,21,6,0.308,125,HIGH_CONFIDENCE_SAPONIN,Very likely a saponin
425,[H]C4([H])[C@]([H])(O[C@]2([H])O[C@@]([H])([C@@]([H])(O[C@@]...,722.9,8,12,0,6,21,6,0.308,125,HIGH_CONFIDENCE_SAPONIN,Very likely a saponin
426,O=C(O[C@]8([H])[C@@]([H])(O[H])[C@@]([H])(O[H])[C@@]([H])(O[...,765.0,8,13,0,5,21,6,0.317,125,HIGH_CONFIDENCE_SAPONIN,Very likely a saponin
427,[H]C4([H])[C@]([H])(O[C@]1([H])O[C@@]([H])([C@@]([H])(O[H])[...,722.9,8,12,0,6,21,6,0.308,125,HIGH_CONFIDENCE_SAPONIN,Very likely a saponin
428,O=C(O[C@]9([H])[C@@]([H])(O[H])[C@@]([H])(O[H])[C@]([H])(O[C...,911.1,9,17,0,7,26,8,0.362,140,HIGH_CONFIDENCE_SAPONIN,Very likely a saponin
429,O=C(O[C@]9([H])[C@@]([H])(O[H])[C@@]([H])(O[H])[C@]([H])(O[C...,939.1,9,17,0,7,26,8,0.347,140,HIGH_CONFIDENCE_SAPONIN,Very likely a saponin
430,O=C(O[C@]9([H])[C@@]([H])(O[H])[C@@]([H])(O[H])[C@]([H])(O[C...,967.2,9,17,0,7,26,8,0.333,140,HIGH_CONFIDENCE_SAPONIN,Very likely a saponin
431,[H]C5([H])[C@]([H])(O[C@]2([H])O[C@@]([H])([C@@]([H])(O[H])[...,869.1,9,16,0,8,26,8,0.356,145,HIGH_CONFIDENCE_SAPONIN,Very likely a saponin
432,[H][C@]1(O[C@]([H])([C@]([H])(O[H])[C@@]([H])(O[H])[C@@]1([H...,855.0,9,16,0,8,25,8,0.364,145,HIGH_CONFIDENCE_SAPONIN,Very likely a saponin
433,O=C(O[H])[C@@]56C([H])([H])C([H])([H])[C@@]4(/C(=C(/[H])C([H...,634.9,6,9,0,6,14,2,0.250,120,HIGH_CONFIDENCE_SAPONIN,Very likely a saponin
434,O=C(O[H])[C@@]56C([H])([H])C([H])([H])[C@@]4(/C(=C(/[H])C([H...,604.8,6,8,0,5,13,2,0.229,120,HIGH_CONFIDENCE_SAPONIN,Very likely a saponin
435,O=C(O[H])[C@@]67C([H])([H])C([H])([H])[C@@]5(/C(=C(/[H])C([H...,751.0,7,12,0,7,18,4,0.293,125,HIGH_CONFIDENCE_SAPONIN,Very likely a saponin
436,O=C(O[H])[C@@]67C([H])([H])C([H])([H])[C@@]5(/C(=C(/[H])C([H...,735.0,7,11,0,6,17,4,0.268,125,HIGH_CONFIDENCE_SAPONIN,Very likely a saponin
437,O=C(O[H])[C@@]78C([H])([H])C([H])([H])[C@@]6(/C(=C(/[H])C([H...,913.1,8,17,0,10,23,6,0.362,145,HIGH_CONFIDENCE_SAPONIN,Very likely a saponin
438,O=C(O[H])[C@@]78C([H])([H])C([H])([H])[C@@]6(/C(=C(/[H])C([H...,897.1,8,16,0,9,22,6,0.340,145,HIGH_CONFIDENCE_SAPONIN,Very likely a saponin
439,O=C(O[C@]1([H])O[C@]([H])([C@]([H])(O[H])[C@@]([H])(O[H])[C@...,749.0,7,11,0,6,20,4,0.262,125,HIGH_CONFIDENCE_SAPONIN,Very likely a saponin
440,O=C(O[H])[C@@]67C([H])([H])C([H])([H])[C@]5([C@@]4(C([H])([H...,735.0,7,11,0,6,19,4,0.268,125,HIGH_CONFIDENCE_SAPONIN,Very likely a saponin
441,[H]C8([H])[C@@]([H])(O[C@@]7([H])C([H])([H])O[C@@]([H])(O[C@...,881.1,8,15,0,8,23,6,0.319,145,HIGH_CONFIDENCE_SAPONIN,Very likely a saponin
442,O=C(O[H])[C@@]56C([H])([H])C([H])([H])[C@@]4(/C(=C(/[H])C([H...,604.8,6,8,0,5,13,2,0.229,120,HIGH_CONFIDENCE_SAPONIN,Very likely a saponin
443,O=C(OC([H])([H])[H])[C@@]56C([H])([H])C([H])([H])[C@@]4(/C(=...,618.9,6,8,0,4,13,2,0.222,120,HIGH_CONFIDENCE_SAPONIN,Very likely a saponin
444,O=C(O[H])[C@@]67C([H])([H])C([H])([H])[C@@]5(/C(=C(/[H])C([H...,751.0,7,12,0,7,18,4,0.293,125,HIGH_CONFIDENCE_SAPONIN,Very likely a saponin
445,O=C(OC([H])([H])[H])[C@@]67C([H])([H])C([H])([H])[C@@]5(/C(=...,765.0,7,12,0,6,18,4,0.286,125,HIGH_CONFIDENCE_SAPONIN,Very likely a saponin
446,O=C(O[H])[C@@]67C([H])([H])C([H])([H])[C@@]5(/C(=C(/[H])C([H...,751.0,7,12,0,7,18,4,0.293,125,HIGH_CONFIDENCE_SAPONIN,Very likely a saponin
447,O=C(OC([H])([H])[H])[C@@]67C([H])([H])C([H])([H])[C@@]5(/C(=...,765.0,7,12,0,6,18,4,0.286,125,HIGH_CONFIDENCE_SAPONIN,Very likely a saponin
448,O=C(O[H])[C@@]67C([H])([H])C([H])([H])[C@@]5(/C(=C(/[H])C([H...,751.0,7,12,0,7,18,4,0.293,125,HIGH_CONFIDENCE_SAPONIN,Very likely a saponin
449,O=C(OC([H])([H])[H])[C@@]67C([H])([H])C([H])([H])[C@@]5(/C(=...,765.0,7,12,0,6,18,4,0.286,125,HIGH_CONFIDENCE_SAPONIN,Very likely a saponin
450,O=C(O[H])[C@@]67C([H])([H])C([H])([H])[C@@]5(/C(=C(/[H])C([H...,736.9,7,12,0,7,17,4,0.300,125,HIGH_CONFIDENCE_SAPONIN,Very likely a saponin
451,O=C(OC([H])([H])[H])[C@@]67C([H])([H])C([H])([H])[C@@]5(/C(=...,751.0,7,12,0,6,17,4,0.293,125,HIGH_CONFIDENCE_SAPONIN,Very likely a saponin
452,O=C(OC([H])([H])[H])[C@@]67C([H])([H])C([H])([H])[C@@]5(/C(=...,751.0,7,12,0,6,17,4,0.293,125,HIGH_CONFIDENCE_SAPONIN,Very likely a saponin
453,O=C(O[H])[C@@]67C([H])([H])C([H])([H])[C@@]5(/C(=C(/[H])C([H...,736.9,7,12,0,7,17,4,0.300,125,HIGH_CONFIDENCE_SAPONIN,Very likely a saponin
454,O=C(OC([H])([H])[H])[C@@]67C([H])([H])C([H])([H])[C@@]5(/C(=...,751.0,7,12,0,6,17,4,0.293,125,HIGH_CONFIDENCE_SAPONIN,Very likely a saponin
455,O=C(O[H])[C@@]67C([H])([H])C([H])([H])[C@@]5(/C(=C(/[H])C([H...,736.9,7,12,0,7,17,4,0.300,125,HIGH_CONFIDENCE_SAPONIN,Very likely a saponin
456,O=C(OC([H])([H])[H])[C@@]67C([H])([H])C([H])([H])[C@@]5(/C(=...,751.0,7,12,0,6,17,4,0.293,125,HIGH_CONFIDENCE_SAPONIN,Very likely a saponin
457,O=C(OC([H])([H])[H])[C@@]67C([H])([H])C([H])([H])[C@@]5(/C(=...,781.0,7,13,0,7,18,4,0.310,125,HIGH_CONFIDENCE_SAPONIN,Very likely a saponin
458,O=C(O[H])[C@@]67C([H])([H])C([H])([H])[C@@]5(/C(=C(/[H])C([H...,767.0,7,13,0,8,18,4,0.317,130,HIGH_CONFIDENCE_SAPONIN,Very likely a saponin
459,O=C(OC([H])([H])[H])[C@@]67C([H])([H])C([H])([H])[C@@]5(/C(=...,781.0,7,13,0,7,18,4,0.310,125,HIGH_CONFIDENCE_SAPONIN,Very likely a saponin
460,O=C(O[H])[C@@]67C([H])([H])C([H])([H])[C@@]5(/C(=C(/[H])C([H...,767.0,7,13,0,8,18,4,0.317,130,HIGH_CONFIDENCE_SAPONIN,Very likely a saponin
461,O=C(OC([H])([H])[H])[C@@]67C([H])([H])C([H])([H])[C@@]5(/C(=...,781.0,7,13,0,7,18,4,0.310,125,HIGH_CONFIDENCE_SAPONIN,Very likely a saponin
462,O=C(O[H])[C@@]67C([H])([H])C([H])([H])[C@@]5(/C(=C(/[H])C([H...,797.0,7,14,0,9,19,4,0.333,130,HIGH_CONFIDENCE_SAPONIN,Very likely a saponin
463,O=C(OC([H])([H])[H])[C@@]67C([H])([H])C([H])([H])[C@@]5(/C(=...,811.0,7,14,0,8,19,4,0.326,140,HIGH_CONFIDENCE_SAPONIN,Very likely a saponin
464,O=C(O[H])[C@@]67C([H])([H])C([H])([H])[C@@]5(/C(=C(/[H])C([H...,797.0,7,14,0,9,19,4,0.333,130,HIGH_CONFIDENCE_SAPONIN,Very likely a saponin
465,O=C(OC([H])([H])[H])[C@@]67C([H])([H])C([H])([H])[C@@]5(/C(=...,811.0,7,14,0,8,19,4,0.326,140,HIGH_CONFIDENCE_SAPONIN,Very likely a saponin
466,O=C(O[H])[C@@]67C([H])([H])C([H])([H])[C@@]5(/C(=C(/[H])C([H...,797.0,7,14,0,9,19,4,0.333,130,HIGH_CONFIDENCE_SAPONIN,Very likely a saponin
467,O=C(OC([H])([H])[H])[C@@]67C([H])([H])C([H])([H])[C@@]5(/C(=...,811.0,7,14,0,8,19,4,0.326,140,HIGH_CONFIDENCE_SAPONIN,Very likely a saponin
468,O=C(OC([H])([H])[H])[C@@]67C([H])([H])C([H])([H])[C@@]5(/C(=...,811.0,7,14,0,8,19,4,0.326,140,HIGH_CONFIDENCE_SAPONIN,Very likely a saponin
469,O=C(OC([H])([H])[H])[C@@]67C([H])([H])C([H])([H])[C@@]5(/C(=...,811.0,7,14,0,8,19,4,0.326,140,HIGH_CONFIDENCE_SAPONIN,Very likely a saponin
470,O=C(O[C@]1([H])OC([H])([H])[C@]([H])(O[H])[C@]([H])(O[H])[C@...,1225.3,10,28,0,17,31,10,0.491,150,HIGH_CONFIDENCE_SAPONIN,Very likely a saponin
471,O=C(O[C@]1([H])OC([H])([H])[C@]([H])(O[H])[C@]([H])(O[H])[C@...,1387.5,11,33,0,20,36,12,0.524,150,HIGH_CONFIDENCE_SAPONIN,Very likely a saponin
472,O=C(O[C@]1([H])OC([H])([H])[C@]([H])(O[H])[C@]([H])(O[H])[C@...,1255.4,10,29,0,18,33,10,0.500,150,HIGH_CONFIDENCE_SAPONIN,Very likely a saponin
473,O=C(O[C@]1([H])OC([H])([H])[C@]([H])(O[H])[C@]([H])(O[H])[C@...,1387.5,11,33,0,20,36,12,0.524,150,HIGH_CONFIDENCE_SAPONIN,Very likely a saponin
474,O=C(O[C@]1([H])OC([H])([H])[C@]([H])(O[H])[C@]([H])(O[H])[C@...,1549.6,12,38,0,23,41,14,0.551,150,HIGH_CONFIDENCE_SAPONIN,Very likely a saponin
475,O=C(O[C@]1([H])OC([H])([H])[C@]([H])(O[H])[C@]([H])(O[H])[C@...,1417.5,11,34,0,21,38,12,0.531,150,HIGH_CONFIDENCE_SAPONIN,Very likely a saponin
476,O=C(O[H])[C@@]67C([H])([H])C([H])([H])[C@@]5(/C(=C(/[H])C([H...,827.0,7,16,0,9,20,4,0.381,145,HIGH_CONFIDENCE_SAPONIN,Very likely a saponin
477,O=C(On2nnc1c([H])c([H])c([H])c([H])c12)[C@@]89C([H])([H])C([...,944.1,9,16,3,8,20,4,0.333,130,HIGH_CONFIDENCE_SAPONIN,Very likely a saponin
478,O=C(N([H])C([H])([H])C([H])([H])C([H])([H])[H])[C@@]67C([H])...,868.1,7,15,1,8,20,4,0.333,140,HIGH_CONFIDENCE_SAPONIN,Very likely a saponin
479,O=C(N([H])C([H])([H])C([H])([H])C([H])([H])C([H])([H])[H])[C...,882.1,7,15,1,8,20,4,0.326,140,HIGH_CONFIDENCE_SAPONIN,Very likely a saponin
480,O=C(N([H])C([H])([H])c1c([H])c([H])c([H])c([H])c1[H])[C@@]78...,916.1,8,15,1,8,20,4,0.306,140,HIGH_CONFIDENCE_SAPONIN,Very likely a saponin
481,O=C(N([H])C([H])([H])C([H])([H])c1c([H])c([H])c([H])c([H])c1...,930.1,8,15,1,8,20,4,0.300,140,HIGH_CONFIDENCE_SAPONIN,Very likely a saponin
482,O=C(N([H])C([H])([H])c1c([Cl])c([H])c([H])c([H])c1[H])[C@@]7...,950.6,8,15,1,8,20,4,0.306,140,HIGH_CONFIDENCE_SAPONIN,Very likely a saponin
483,O=C(N([H])C([H])([H])c1c([H])c([H])c([F])c([H])c1[H])[C@@]78...,934.1,8,15,1,8,20,4,0.306,140,HIGH_CONFIDENCE_SAPONIN,Very likely a saponin
484,O=C(N([H])C([H])([H])c1c([H])c([H])c(OC([H])([H])[H])c([H])c...,946.1,8,16,1,8,20,4,0.320,140,HIGH_CONFIDENCE_SAPONIN,Very likely a saponin
485,[H][C@@]23C([H])([H])C([H])=C1C([H])([H])[C@@]([H])(O[H])C([...,560.8,5,7,0,4,14,2,0.212,105,HIGH_CONFIDENCE_SAPONIN,Very likely a saponin
486,[H][C@@]23C([H])([H])C([H])=C1C([H])([H])[C@@]([H])(O[H])C([...,562.8,5,7,0,5,15,2,0.212,105,HIGH_CONFIDENCE_SAPONIN,Very likely a saponin
487,[H][C@@]23C([H])([H])C([H])([H])[C@]1([H])C([H])([H])[C@@]([...,610.9,5,8,0,6,18,2,0.229,115,HIGH_CONFIDENCE_SAPONIN,Very likely a saponin
488,[H]C4([H])[C@]([H])(O[C@]2([H])O[C@@]([H])([C@@]([H])(O[C@@]...,881.2,8,14,0,8,25,6,0.292,140,HIGH_CONFIDENCE_SAPONIN,Very likely a saponin
489,[H]C4([H])[C@]([H])(O[C@]2([H])O[C@@]([H])([C@@]([H])(O[C@@]...,909.2,9,15,0,8,25,6,0.306,145,HIGH_CONFIDENCE_SAPONIN,Very likely a saponin
490,O=C8O[C@]9([H])[C@]7([H])[C@@]6([H])[C@@]([C@@]5(C([H])([H])...,911.1,9,16,0,8,25,6,0.333,145,HIGH_CONFIDENCE_SAPONIN,Very likely a saponin
491,[H][C@]7%12/C6=C(\[H])C([H])([H])[C@]5([H])[C@@]4([C@@]([H])...,1543.6,12,37,0,20,43,14,0.529,150,HIGH_CONFIDENCE_SAPONIN,Very likely a saponin
492,[H][C@]7%12/C6=C(\[H])C([H])([H])[C@]5([H])[C@@]4([C@]([H])(...,1585.7,12,38,0,19,43,14,0.528,150,HIGH_CONFIDENCE_SAPONIN,Very likely a saponin
493,[H][C@]7%13/C6=C(\[H])C([H])([H])[C@]5([H])[C@@]4([C@@]([H])...,1675.7,13,41,0,22,47,16,0.547,150,HIGH_CONFIDENCE_SAPONIN,Very likely a saponin
494,[H][C@]7%13/C6=C(\[H])C([H])([H])[C@]5([H])[C@@]4([C@@]([H])...,1717.8,13,42,0,21,47,16,0.545,150,HIGH_CONFIDENCE_SAPONIN,Very likely a saponin
495,[H][C@]8%13/C7=C(\[H])C([H])([H])[C@]6([H])[C@@]5([C@@]([H])...,1705.8,13,42,0,23,48,16,0.553,150,HIGH_CONFIDENCE_SAPONIN,Very likely a saponin
496,[H][C@]7%12/C6=C(\[H])C([H])([H])[C@]5([H])[C@@]4([C@@]([H])...,1585.7,12,38,0,19,43,14,0.528,150,HIGH_CONFIDENCE_SAPONIN,Very likely a saponin
497,[H][C@]7%12/C6=C(\[H])C([H])([H])[C@]5([H])[C@@]4([C@@]([H])...,1527.6,12,36,0,19,42,14,0.514,150,HIGH_CONFIDENCE_SAPONIN,Very likely a saponin
498,[H][C@]7%12/C6=C(\[H])C([H])([H])[C@]5([H])[C@@]4([C@@]([H])...,1569.7,12,37,0,18,42,14,0.514,150,HIGH_CONFIDENCE_SAPONIN,Very likely a saponin
499,[H][C@]7%13/C6=C(\[H])C([H])([H])[C@]5([H])[C@@]4([C@@]([H])...,1659.7,13,40,0,21,46,16,0.533,150,HIGH_CONFIDENCE_SAPONIN,Very likely a saponin
500,[H][C@]7%13/C6=C(\[H])C([H])([H])[C@]5([H])[C@@]4([C@@]([H])...,1701.8,13,41,0,20,46,16,0.532,150,HIGH_CONFIDENCE_SAPONIN,Very likely a saponin
501,[H][C@]7%12/C6=C(\[H])C([H])([H])[C@]5([H])[C@@]4([C@@]([H])...,1497.6,12,35,0,18,41,14,0.507,150,HIGH_CONFIDENCE_SAPONIN,Very likely a saponin
502,[H][C@]6%11/C5=C(\[H])C([H])([H])[C@]4([H])[C@@]3([C@]([H])(...,1449.5,11,33,0,14,37,12,0.485,150,HIGH_CONFIDENCE_SAPONIN,Very likely a saponin
503,[H][C@]6%11/C5=C(\[H])C([H])([H])[C@]4([H])[C@@]3([C@]([H])(...,1465.5,11,34,0,15,38,12,0.500,150,HIGH_CONFIDENCE_SAPONIN,Very likely a saponin
504,[H][C@]45C([H])([H])[C@@]([H])(O[C@]2([H])O[C@@]([H])([C@]([...,1081.2,10,24,0,14,33,10,0.471,150,HIGH_CONFIDENCE_SAPONIN,Very likely a saponin
505,[H][C@]89/C7=C(\[H])C([H])([H])[C@]6([H])[C@@]5([C@@]([H])([...,1263.4,9,28,0,14,31,8,0.467,150,HIGH_CONFIDENCE_SAPONIN,Very likely a saponin
506,[H][C@]89/C7=C(\[H])C([H])([H])[C@]6([H])[C@@]5([C@@]([H])([...,1233.4,9,27,0,13,30,8,0.458,150,HIGH_CONFIDENCE_SAPONIN,Very likely a saponin
507,[H][C@]89/C7=C(\[H])C([H])([H])[C@]6([H])[C@@]5([C@@]([H])(C...,1249.4,9,27,0,14,30,8,0.450,150,HIGH_CONFIDENCE_SAPONIN,Very likely a saponin
508,[H][C@]89/C7=C(\[H])C([H])([H])[C@]6([H])[C@@]5([C@@]([H])([...,1263.4,9,28,0,14,31,8,0.467,150,HIGH_CONFIDENCE_SAPONIN,Very likely a saponin
509,[H][C@]89/C7=C(\[H])C([H])([H])[C@]6([H])[C@@]5([C@@]([H])([...,1233.4,9,27,0,13,30,8,0.458,150,HIGH_CONFIDENCE_SAPONIN,Very likely a saponin
510,[H][C@]89/C7=C(\[H])C([H])([H])[C@]6([H])[C@@]5([C@]([H])(C(...,1249.4,9,27,0,14,30,8,0.450,150,HIGH_CONFIDENCE_SAPONIN,Very likely a saponin
511,[H][C@]7%12/C6=C(\[H])C([H])([H])[C@]5([H])[C@@]4([C@]([H])(...,1599.7,12,37,0,19,43,14,0.500,150,HIGH_CONFIDENCE_SAPONIN,Very likely a saponin
512,[H][C@]7%12/C6=C(\[H])C([H])([H])[C@]5([H])[C@@]4([C@@]([H])...,1732.9,12,40,1,19,43,14,0.506,145,HIGH_CONFIDENCE_SAPONIN,Very likely a saponin
513,[H][C@]7%12/C6=C(\[H])C([H])([H])[C@]5([H])[C@@]4([C@@]([H])...,1795.1,12,36,1,19,43,14,0.409,145,HIGH_CONFIDENCE_SAPONIN,Very likely a saponin
514,[H][C@]7%13/C6=C(\[H])C([H])([H])[C@]5([H])[C@@]4([C@@]([H])...,1701.8,13,40,0,20,46,16,0.513,150,HIGH_CONFIDENCE_SAPONIN,Very likely a saponin
515,[H][C@]7%13/C6=C(\[H])C([H])([H])[C@]5([H])[C@@]4([C@@]([H])...,1813.0,13,39,1,20,46,16,0.453,145,HIGH_CONFIDENCE_SAPONIN,Very likely a saponin
516,[H][C@]7%13/C6=C(\[H])C([H])([H])[C@]5([H])[C@@]4([C@@]([H])...,1835.0,13,43,1,20,46,16,0.518,145,HIGH_CONFIDENCE_SAPONIN,Very likely a saponin
517,[H]C5([H])[C@]([H])(O[C@]4([H])O[C@@]([H])([C@]([H])(O[C@]2(...,1035.2,10,22,0,12,31,10,0.440,150,HIGH_CONFIDENCE_SAPONIN,Very likely a saponin
518,[H][C@]67/C5=C(\[H])C([H])([H])[C@]4([H])[C@@]3([C@]([H])([C...,797.0,7,14,0,9,19,4,0.333,130,HIGH_CONFIDENCE_SAPONIN,Very likely a saponin
519,[H][C@]67/C5=C(\[H])C([H])([H])[C@]4([H])[C@@]3([C@]([H])([C...,813.0,7,15,0,10,20,4,0.357,145,HIGH_CONFIDENCE_SAPONIN,Very likely a saponin
520,[H][C@]67/C5=C(\[H])C([H])([H])[C@]4([H])[C@@]3([C@@]([H])(C...,811.0,7,15,0,9,19,4,0.357,145,HIGH_CONFIDENCE_SAPONIN,Very likely a saponin
521,[H][C@]67/C5=C(\[H])C([H])([H])[C@]4([H])[C@@]3([C@@]([H])([...,811.0,7,15,0,9,19,4,0.357,145,HIGH_CONFIDENCE_SAPONIN,Very likely a saponin
522,[H][C@]67/C5=C(\[H])C([H])([H])[C@]4([H])[C@@]3([C@@]([H])([...,827.0,7,16,0,10,20,4,0.381,145,HIGH_CONFIDENCE_SAPONIN,Very likely a saponin
523,[H][C@]67/C5=C(\[H])C([H])([H])[C@]4([H])[C@@]3([C@]([H])(C(...,825.0,7,15,0,8,19,4,0.349,145,HIGH_CONFIDENCE_SAPONIN,Very likely a saponin
524,[H][C@]56/C4=C(\[H])C([H])([H])[C@]3([H])[C@@]2([C@@]([H])([...,648.8,6,10,0,6,14,2,0.278,125,HIGH_CONFIDENCE_SAPONIN,Very likely a saponin
525,[H][C@]7%13/C6=C(\[H])C([H])([H])[C@]5([H])[C@@]4([C@]([H])(...,1692.8,13,38,1,20,43,14,0.481,145,HIGH_CONFIDENCE_SAPONIN,Very likely a saponin
526,[H][C@]8%14/C7=C(\[H])C([H])([H])[C@]6([H])[C@@]5([C@@]([H])...,1813.9,14,43,0,24,48,16,0.518,150,HIGH_CONFIDENCE_SAPONIN,Very likely a saponin
527,[H][C@]56/C4=C(\[H])C([H])([H])[C@]3([H])[C@@]2([C@@]([H])(C...,632.8,6,9,0,5,13,2,0.250,120,HIGH_CONFIDENCE_SAPONIN,Very likely a saponin
528,[H][C@]56/C4=C(\[H])C([H])([H])[C@]3([H])[C@@]2([C@]([H])([C...,604.8,6,8,0,5,13,2,0.229,120,HIGH_CONFIDENCE_SAPONIN,Very likely a saponin
529,[H][C@]67/C5=C(\[H])C([H])([H])[C@]4([H])[C@@]3([C@]([H])([C...,767.0,7,13,0,8,18,4,0.317,130,HIGH_CONFIDENCE_SAPONIN,Very likely a saponin
530,O=C(N([H])[H])[C@@]67C([H])([H])C([H])([H])[C@@]5(/C(=C(/[H]...,750.0,7,11,1,6,18,4,0.268,120,HIGH_CONFIDENCE_SAPONIN,Very likely a saponin
531,O=C(N([H])[C@@]1([H])C([H])([H])C1([H])[H])[C@@]78C([H])([H]...,790.0,8,11,1,6,18,4,0.250,120,HIGH_CONFIDENCE_SAPONIN,Very likely a saponin
532,O=C(N([H])C([H])([H])C([H])([H])N(C([H])([H])C([H])([H])[H])...,849.2,7,11,2,6,18,4,0.234,125,HIGH_CONFIDENCE_SAPONIN,Very likely a saponin
533,O=C(N([H])C([H])([H])C([H])([H])N1C([H])([H])C([H])([H])C([H...,847.1,8,11,2,6,18,4,0.234,125,HIGH_CONFIDENCE_SAPONIN,Very likely a saponin
534,O=C(N([H])c1c(O[H])c([H])c([H])c([H])c1[H])[C@@]78C([H])([H]...,842.1,8,12,1,7,18,4,0.255,130,HIGH_CONFIDENCE_SAPONIN,Very likely a saponin
535,O=C(N1C([H])([H])C([H])([H])C([H])([H])[C@]1([H])C(=O)O[H])[...,848.1,8,13,1,7,19,4,0.283,130,HIGH_CONFIDENCE_SAPONIN,Very likely a saponin
536,O=C(N1C([H])([H])C([H])([H])N(C([H])([H])C1([H])[H])C([H])([...,891.2,8,13,2,7,18,4,0.271,125,HIGH_CONFIDENCE_SAPONIN,Very likely a saponin
537,O=C(N([H])[C@]([H])(C(=O)O[H])C([H])([H])O[H])[C@@]67C([H])(...,838.0,7,14,1,8,19,4,0.318,135,HIGH_CONFIDENCE_SAPONIN,Very likely a saponin
538,O=C(N1C([H])([H])C([H])([H])N(C([H])([H])C1([H])[H])C([H])([...,905.2,8,13,2,6,18,4,0.265,125,HIGH_CONFIDENCE_SAPONIN,Very likely a saponin
539,O=C(N([H])[C@]([H])(C(=O)OC([H])([H])[H])C([H])([H])O[H])[C@...,852.1,7,14,1,7,19,4,0.311,130,HIGH_CONFIDENCE_SAPONIN,Very likely a saponin
540,O=C(OC([H])([H])[H])[C@@]67C([H])([H])C([H])([H])[C@@]5(/C(=...,765.0,7,12,0,6,18,4,0.286,125,HIGH_CONFIDENCE_SAPONIN,Very likely a saponin
541,O=C(OC([H])([H])OC(=O)C([H])([H])[H])[C@@]67C([H])([H])C([H]...,823.0,7,14,0,6,18,6,0.318,135,HIGH_CONFIDENCE_SAPONIN,Very likely a saponin
542,O=C(N([H])C([H])([H])C(=O)O[H])[C@@]78C([H])([H])C([H])([H])...,984.1,8,19,1,10,23,6,0.388,140,HIGH_CONFIDENCE_SAPONIN,Very likely a saponin
543,O=C(N1C([H])([H])C([H])([H])N(C([H])([H])C1([H])[H])C([H])([...,1067.3,9,19,2,10,23,6,0.352,140,HIGH_CONFIDENCE_SAPONIN,Very likely a saponin
544,O=C(N([H])[C@]([H])(C(=O)O[H])C([H])([H])O[H])[C@@]78C([H])(...,1014.2,8,20,1,11,24,6,0.400,145,HIGH_CONFIDENCE_SAPONIN,Very likely a saponin
545,O=C(N([H])C([H])([H])C(=O)N([H])C([H])([H])C(=O)O[H])[C@@]78...,1041.2,8,20,2,10,23,6,0.392,140,HIGH_CONFIDENCE_SAPONIN,Very likely a saponin
546,O=C(N([H])c1c([H])c([H])c(c([H])c1[H])C(=O)O[H])[C@@]89C([H]...,1046.2,9,19,1,10,23,6,0.352,145,HIGH_CONFIDENCE_SAPONIN,Very likely a saponin
547,O=C(O[C@@]8([H])[C@]([H])(OC(=O)C(=C([H])C([H])([H])[H])C([H...,1141.3,8,23,0,12,26,6,0.404,150,HIGH_CONFIDENCE_SAPONIN,Very likely a saponin
548,O=C(O[C@@]5([H])[C@]([H])(OC(=O)C(=C([H])C([H])([H])[H])C([H...,670.9,5,8,0,4,12,0,0.200,90,HIGH_CONFIDENCE_SAPONIN,Very likely a saponin
549,O=C(O[C@@]8([H])[C@]([H])(OC(=O)C(=C([H])C([H])([H])[H])C([H...,1141.4,8,22,0,10,25,6,0.379,150,HIGH_CONFIDENCE_SAPONIN,Very likely a saponin
550,O=C(O[C@@]8([H])[C@]([H])(OC(=O)C([H])([H])[H])[C@@]7([C@]([...,1131.3,8,24,0,13,27,6,0.436,150,HIGH_CONFIDENCE_SAPONIN,Very likely a saponin
551,[H][C@@]1(O[C@@]([H])([C@@]([H])(O[H])[C@]([H])(N([H])[H])[C...,667.9,3,9,5,5,15,4,0.300,80,HIGH_CONFIDENCE_SAPONIN,Very likely a saponin
552,O=C(N([H])C([H])([H])C([H])([H])C([H])([H])C([H])([H])[C@@](...,470.7,0,4,4,0,2,0,0.160,-5,NOT_SAPONIN,Not a saponin
553,O=C(N([H])[C@]([H])(C(=O)N([H])C([H])([H])C([H])([H])C([H])(...,737.2,0,4,6,0,2,0,0.095,-5,NOT_SAPONIN,Not a saponin
554,O=C(O[H])c1c([H])c(OC([H])([H])[H])c([H])c([H])c1[H],152.1,1,3,0,1,0,0,0.375,10,NOT_SAPONIN,Not a saponin
555,O=C(O[H])c1c([H])c(OC([H])([H])C([H])([H])[H])c([H])c([H])c1...,166.2,1,3,0,1,0,0,0.333,10,NOT_SAPONIN,Not a saponin
556,[H]c1c([H])c(OC([H])([H])C([H])([H])[H])c([H])c(c1[H])c2nn([...,190.2,2,1,4,0,0,0,0.111,-20,NOT_SAPONIN,Not a saponin
557,[H]c2c([H])c(Oc1c([H])c([H])c([H])c([H])c1[H])c([H])c(c2[H])...,238.2,3,1,4,0,0,0,0.077,-10,NOT_SAPONIN,Not a saponin
558,[H]c1c([H])c(OC([H])([H])[H])c(OC([H])([H])[H])c(c1[H])c2nn(...,206.2,2,2,4,0,0,0,0.222,-10,NOT_SAPONIN,Not a saponin
559,[Cl]c1c([Cl])c([H])c([H])c(c1[H])c2nn([H])nn2,215.0,2,0,4,0,0,0,0.000,-20,NOT_SAPONIN,Not a saponin
560,[H]c1c(O[H])c(OC([H])([H])[H])c([H])c(c1[H])c2nn([H])nn2,192.2,2,2,4,1,0,0,0.250,-10,NOT_SAPONIN,Not a saponin
561,[H]c1c3c(c(c([H])c1[H])c2nn([H])nn2)c([H])c([H])c([H])c3[H],196.2,3,0,4,0,0,0,0.000,-10,NOT_SAPONIN,Not a saponin
562,O=C(O[H])C([H])=C([H])c2c([H])c(Oc1c([H])c([H])c([H])c([H])c...,240.3,2,3,0,1,0,0,0.200,5,NOT_SAPONIN,Not a saponin
563,[Cl]c1c([Cl])c([H])c([H])c(c1[H])C([H])=C([H])C(=O)O[H],217.1,1,2,0,1,0,0,0.222,10,NOT_SAPONIN,Not a saponin
564,O=C(O[H])C([H])=C([H])c1c(OC([H])([H])[H])c(OC([H])([H])[H])...,208.2,1,4,0,1,0,0,0.364,10,NOT_SAPONIN,Not a saponin
565,O=C(N([H])C([H])([H])C([H])([H])c1c([H])c([H])c(O[H])c(O[H])...,279.4,1,3,1,2,0,0,0.188,5,NOT_SAPONIN,Not a saponin
566,O=C(N([H])C([H])([H])C([H])([H])c1c([H])c([H])c(O[H])c(O[H])...,363.5,1,3,1,2,0,0,0.136,0,NOT_SAPONIN,Not a saponin
567,O=C(N([H])C([H])([H])C([H])([H])c1c([H])c([H])c(O[H])c(O[H])...,391.6,1,3,1,2,0,0,0.125,0,NOT_SAPONIN,Not a saponin
568,[H]c2n(c([H])c([H])c(OC([H])([H])C([H])([H])C([H])([H])C([H]...,442.7,2,2,2,0,0,0,0.071,0,NOT_SAPONIN,Not a saponin
569,[H]c1n(c([H])c([H])c(c1[H])C([H])([H])OC([H])([H])C([H])([H]...,526.8,2,2,2,0,0,0,0.059,0,NOT_SAPONIN,Not a saponin
570,[H]c2n(c([H])c([H])c(OC([H])([H])C([H])([H])C([H])([H])C([H]...,723.2,2,2,2,0,0,0,0.042,10,NOT_SAPONIN,Not a saponin
571,[H]c2n(c([H])c([H])c(OC([H])([H])C([H])([H])C([H])([H])C([H]...,779.3,2,2,2,0,0,0,0.038,10,NOT_SAPONIN,Not a saponin
572,[H]c1n(c([H])c([H])c(c1[H])C([H])([H])OC([H])([H])C([H])([H]...,807.4,2,2,2,0,0,0,0.037,20,UNLIKELY_SAPONIN,Probably not a saponin
573,O=C(N1C(=O)C(C(=O)[C@]1([H])[C@@]([H])(C([H])([H])C([H])([H]...,412.5,2,4,2,1,2,0,0.167,5,NOT_SAPONIN,Not a saponin
574,O=C(N1C(=O)C(C(=O)[C@]1([H])[C@@]([H])(C([H])([H])C([H])([H]...,418.6,2,4,2,1,2,0,0.167,5,NOT_SAPONIN,Not a saponin
575,O=C(N1C(=O)C(C(=O)C1([H])[H])=C(O[H])C([H])([H])[H])C([H])=C...,293.4,1,4,1,1,0,0,0.250,5,NOT_SAPONIN,Not a saponin
576,O=C(N(C([H])([H])[C@@]1([H])O[C@]([H])(OC([H])([H])[H])[C@](...,651.8,2,12,1,7,11,4,0.375,95,HIGH_CONFIDENCE_SAPONIN,Very likely a saponin
577,O=C(N(C([H])([H])[C@@]1([H])O[C@]([H])(OC([H])([H])[H])[C@](...,693.9,2,13,1,6,11,4,0.382,95,HIGH_CONFIDENCE_SAPONIN,Very likely a saponin
578,O=C(N(C([H])([H])[C@@]1([H])O[C@]([H])(OC([H])([H])[H])[C@](...,750.0,2,13,1,6,11,4,0.342,95,HIGH_CONFIDENCE_SAPONIN,Very likely a saponin
579,[Cl]c2nc1c(c([H])c([H])c([H])c1c([H])c2C([H])([H])O[H])C([H]...,207.7,2,1,1,1,0,0,0.091,-5,NOT_SAPONIN,Not a saponin
580,[Cl]c2nc1c([H])c(c([H])c([H])c1c([H])c2C([H])([H])O[H])C([H]...,207.7,2,1,1,1,0,0,0.091,-5,NOT_SAPONIN,Not a saponin
581,[Cl]c2nc1c(OC([H])([H])[H])c([H])c([H])c([H])c1c([H])c2C([H]...,223.7,2,2,1,1,0,0,0.182,0,NOT_SAPONIN,Not a saponin
582,[Cl]c2nc1c([H])c([H])c(OC([H])([H])[H])c([H])c1c([H])c2C([H]...,223.7,2,2,1,1,0,0,0.182,0,NOT_SAPONIN,Not a saponin
583,O=c4n3c(c2nc1c([H])c([H])c([H])c([H])c1c([H])c2C3([H])[H])c(...,348.4,5,4,2,1,1,0,0.200,15,NOT_SAPONIN,Not a saponin
584,O=C(C([H])([H])c1c(c(O[H])c2c(c1O[H])C(=O)C(OC([H])([H])[H])...,290.3,2,6,0,2,0,0,0.400,30,UNLIKELY_SAPONIN,Probably not a saponin
585,O=C3c1c(c(O[H])c2c(c1O[H])C([H])([H])[C@@](OC2([H])[H])(O[H]...,306.3,3,7,0,3,1,1,0.467,55,POSSIBLE_SAPONIN,Could be a saponin
586,O=C3c1c(c(O[H])c2c(c1O[H])C([H])([H])[C@@](OC2([H])[H])(OC([...,320.3,3,7,0,2,1,2,0.438,60,LIKELY_SAPONIN,Probably a saponin
587,O=C(c1c([H])c(c(OC([H])([H])C([H])([H])N([H])[H])c([H])c1OC(...,727.0,3,4,8,0,0,0,0.111,5,NOT_SAPONIN,Not a saponin
588,O=C(OC([H])([H])[H])C([H])=C([H])[H],86.1,0,2,0,0,0,0,0.500,10,NOT_SAPONIN,Not a saponin
589,O=C(OC([H])([H])C([H])([H])[H])C([H])=C([H])[H],100.1,0,2,0,0,0,0,0.400,10,NOT_SAPONIN,Not a saponin
590,O=C(OC([H])([H])C([H])([H])C([H])([H])[H])C([H])=C([H])[H],114.1,0,2,0,0,0,0,0.333,10,NOT_SAPONIN,Not a saponin
591,O=C(OC([H])(C([H])([H])[H])C([H])([H])[H])C([H])=C([H])[H],114.1,0,2,0,0,0,0,0.333,10,NOT_SAPONIN,Not a saponin
592,O=C(OC([H])([H])C([H])([H])C([H])([H])C([H])([H])[H])C([H])=...,128.2,0,2,0,0,0,0,0.286,10,NOT_SAPONIN,Not a saponin
593,O=C(OC([H])([H])C([H])(C([H])([H])[H])C([H])([H])[H])C([H])=...,128.2,0,2,0,0,0,0,0.286,10,NOT_SAPONIN,Not a saponin
594,O=C(OC([H])([H])[H])C(=C([H])[H])C([H])([H])[H],100.1,0,2,0,0,0,0,0.400,10,NOT_SAPONIN,Not a saponin
595,O=C(OC([H])([H])C([H])([H])[H])C(=C([H])[H])C([H])([H])[H],114.1,0,2,0,0,0,0,0.333,10,NOT_SAPONIN,Not a saponin
596,O=C(OC([H])([H])C([H])([H])C([H])([H])[H])C(=C([H])[H])C([H]...,128.2,0,2,0,0,0,0,0.286,10,NOT_SAPONIN,Not a saponin
597,O=C(OC([H])(C([H])([H])[H])C([H])([H])[H])C(=C([H])[H])C([H]...,128.2,0,2,0,0,0,0,0.286,10,NOT_SAPONIN,Not a saponin
598,O=C(OC([H])([H])C([H])([H])C([H])([H])C([H])([H])[H])C(=C([H...,142.2,0,2,0,0,0,0,0.250,10,NOT_SAPONIN,Not a saponin
599,O=C(OC([H])([H])C([H])([H])C([H])([H])C([H])([H])C([H])([H])...,229.4,0,2,1,0,1,0,0.154,0,NOT_SAPONIN,Not a saponin
600,O=C(OC([H])([H])C([H])([H])C([H])([H])C([H])([H])C([H])([H])...,257.4,0,2,1,0,1,0,0.133,-5,NOT_SAPONIN,Not a saponin
601,O=C(OC([H])([H])C([H])([H])C([H])([H])C([H])([H])C([H])([H])...,285.5,0,2,1,0,1,0,0.118,-5,NOT_SAPONIN,Not a saponin
602,O=C(OC([H])([H])C([H])([H])C([H])([H])C([H])([H])C([H])([H])...,313.5,0,2,1,0,1,0,0.105,-5,NOT_SAPONIN,Not a saponin
603,O=C(OC([H])([H])C([H])([H])C([H])([H])C([H])([H])C([H])([H])...,341.6,0,2,1,0,1,0,0.095,-5,NOT_SAPONIN,Not a saponin
604,O=C(OC([H])([H])C([H])([H])C([H])([H])C([H])([H])C([H])([H])...,271.4,0,2,1,0,0,0,0.125,-5,NOT_SAPONIN,Not a saponin
605,O=C(OC([H])([H])C([H])([H])C([H])([H])C([H])([H])C([H])([H])...,327.6,0,2,1,0,0,0,0.100,-5,NOT_SAPONIN,Not a saponin
606,O=C(OC([H])([H])C([H])([H])C([H])([H])C([H])([H])C([H])([H])...,271.4,0,2,1,0,0,0,0.125,-5,NOT_SAPONIN,Not a saponin
607,O=C(OC([H])([H])C([H])([H])C([H])([H])C([H])([H])C([H])([H])...,327.6,0,2,1,0,0,0,0.100,-5,NOT_SAPONIN,Not a saponin
608,O=C(OC([H])([H])C([H])([H])[H])C([H])([H])c1nc([s]c1C([H])([...,326.5,1,2,2,0,0,0,0.118,-10,NOT_SAPONIN,Not a saponin
609,O=C2N([H])c1c([H])c([H])c([H])c([H])c1C2(c3c([H])n([H])c4c3c...,423.5,6,3,3,0,0,0,0.115,20,UNLIKELY_SAPONIN,Probably not a saponin
610,O=C(O[C@]1([H])O[C@@]([H])([C@@]([H])(O[H])[C@]([H])(O[H])[C...,1191.4,10,25,0,14,32,10,0.431,150,HIGH_CONFIDENCE_SAPONIN,Very likely a saponin
611,O=C(N([H])C([H])([H])[H])[C@@]67C([H])([H])C([H])([H])[C@@]5...,840.0,7,15,1,8,20,4,0.349,140,HIGH_CONFIDENCE_SAPONIN,Very likely a saponin
612,O=C(N([H])C([H])([H])c1c([H])c(OC([H])([H])[H])c(OC([H])([H]...,976.2,8,17,1,8,20,4,0.333,140,HIGH_CONFIDENCE_SAPONIN,Very likely a saponin
613,O=C(N([H])[C@]([H])(C(=O)OC([H])([H])[H])C([H])([H])C([H])([...,972.2,7,17,1,8,21,4,0.354,140,HIGH_CONFIDENCE_SAPONIN,Very likely a saponin
614,O=C(N([H])[C@]([H])(C(=O)OC([H])([H])[H])C([H])([H])c1c([H])...,988.2,8,17,1,8,21,4,0.327,140,HIGH_CONFIDENCE_SAPONIN,Very likely a saponin
615,[H][C@]7%12/C6=C(\[H])C([H])([H])[C@]5([H])[C@@]4([C@@]([H])...,1626.8,12,36,1,19,43,14,0.474,145,HIGH_CONFIDENCE_SAPONIN,Very likely a saponin
616,[H][C@]68/C5=C(\[H])C([H])([H])[C@]4([H])[C@@]3([C@@]([H])([...,973.1,8,20,0,12,24,6,0.417,145,HIGH_CONFIDENCE_SAPONIN,Very likely a saponin
617,[H][C@]57/C4=C(\[H])C([H])([H])[C@]3([H])[C@@]2([C@@]([H])(C...,795.0,7,14,0,8,18,4,0.333,130,HIGH_CONFIDENCE_SAPONIN,Very likely a saponin
618,[H][C@]56/C4=C(\[H])C([H])([H])[C@]3([H])[C@@]2([C@]([H])([C...,634.8,6,10,0,6,14,2,0.286,125,HIGH_CONFIDENCE_SAPONIN,Very likely a saponin
619,O=C(N1C([H])([H])C([H])([H])OC([H])([H])C1([H])[H])[C@@]78C(...,820.1,8,12,1,6,18,4,0.267,130,HIGH_CONFIDENCE_SAPONIN,Very likely a saponin
620,O=C(N([H])c1c([H])c([H])c(c([H])c1[H])C(=O)O[H])[C@@]78C([H]...,870.1,8,13,1,7,18,4,0.271,130,HIGH_CONFIDENCE_SAPONIN,Very likely a saponin
621,O=C(N1C([H])([H])C([H])([H])C([H])([H])[C@]1([H])C(=O)OC([H]...,862.1,8,13,1,6,19,4,0.277,130,HIGH_CONFIDENCE_SAPONIN,Very likely a saponin
622,O=C(N1C([H])([H])C([H])([H])C([H])([H])[C@@]1([H])C(=O)O[H])...,1024.2,9,19,1,10,24,6,0.365,145,HIGH_CONFIDENCE_SAPONIN,Very likely a saponin
623,[H][C@]68/C5=C(\[H])C([H])([H])[C@]4([H])[C@@]3([C@@]([H])(C...,969.1,8,19,0,9,22,6,0.388,145,HIGH_CONFIDENCE_SAPONIN,Very likely a saponin
